timestamp,open,high,low,close,volume,trade_count,vwap
2025-11-06 16:30:00+00:00,182.355,182.355,182.355,182.355,100.0,1.0,182.355
2025-11-06 16:37:00+00:00,182.2,182.2,182.2,182.2,100.0,1.0,182.2
2025-11-06 17:59:00+00:00,182.4,182.4,182.39,182.39,307.0,3.0,182.395455
2025-11-06 18:11:00+00:00,181.96,181.96,181.96,181.96,300.0,2.0,181.96
2025-11-06 18:12:00+00:00,181.95,181.95,181.95,181.95,200.0,2.0,181.95
2025-11-06 18:13:00+00:00,182.05,182.05,182.04,182.04,200.0,2.0,182.045
2025-11-06 18:24:00+00:00,182.225,182.225,182.225,182.225,100.0,1.0,182.225
2025-11-06 19:25:00+00:00,182.81,182.81,182.81,182.81,200.0,3.0,182.81
2025-11-06 19:27:00+00:00,182.89,182.89,182.89,182.89,100.0,1.0,182.89
2025-11-06 19:48:00+00:00,182.79,182.79,182.79,182.79,100.0,1.0,182.79
2025-11-06 19:51:00+00:00,182.71,182.71,182.69,182.69,200.0,2.0,182.7
2025-11-06 20:11:00+00:00,182.89,182.89,182.89,182.89,600.0,1.0,182.89
2025-11-06 20:12:00+00:00,182.91,182.91,182.91,182.91,100.0,1.0,182.91
2025-11-06 20:18:00+00:00,182.79,182.84,182.79,182.84,300.0,3.0,182.818333
2025-11-06 20:21:00+00:00,182.84,182.885,182.84,182.885,400.0,4.0,182.8525
2025-11-06 20:23:00+00:00,182.89,182.89,182.89,182.89,200.0,2.0,182.89
2025-11-06 20:25:00+00:00,182.88,182.88,182.88,182.88,323.0,2.0,182.88
2025-11-06 20:28:00+00:00,182.785,182.785,182.785,182.785,300.0,1.0,182.785
2025-11-06 20:29:00+00:00,182.795,182.795,182.795,182.795,100.0,1.0,182.795
2025-11-06 20:31:00+00:00,182.68,182.68,182.625,182.63,800.0,3.0,182.654375
2025-11-06 20:32:00+00:00,182.6,182.665,182.6,182.665,224.0,4.0,182.6325
2025-11-06 20:34:00+00:00,182.69,182.735,182.69,182.735,200.0,2.0,182.7125
2025-11-06 20:36:00+00:00,182.7,182.7,182.7,182.7,100.0,1.0,182.7
2025-11-06 20:37:00+00:00,182.715,182.715,182.715,182.715,100.0,1.0,182.715
2025-11-06 20:39:00+00:00,182.595,182.6,182.595,182.6,221.0,3.0,182.5975
2025-11-06 20:44:00+00:00,182.465,182.465,182.465,182.465,600.0,1.0,182.465
2025-11-06 20:47:00+00:00,182.325,182.325,182.325,182.325,116.0,2.0,182.325
2025-11-06 20:52:00+00:00,182.395,182.395,182.395,182.395,110.0,11.0,182.395
2025-11-06 20:53:00+00:00,182.35,182.35,182.32,182.32,200.0,2.0,182.335
2025-11-06 20:55:00+00:00,182.21,182.21,182.21,182.21,100.0,1.0,182.21
2025-11-06 20:57:00+00:00,182.12,182.12,182.12,182.12,101.0,2.0,182.12
2025-11-06 20:58:00+00:00,182.11,182.11,182.1,182.1,501.0,4.0,182.102
2025-11-06 20:59:00+00:00,182.02,182.02,182.02,182.02,167.0,6.0,182.02
2025-11-07 14:53:00+00:00,181.19,181.19,181.19,181.19,100.0,1.0,181.19
2025-11-07 15:10:00+00:00,181.25,181.26,181.25,181.26,410.0,4.0,181.255
2025-11-07 15:13:00+00:00,181.3,181.3,181.3,181.3,300.0,1.0,181.3
2025-11-07 15:17:00+00:00,181.37,181.37,181.32,181.365,587.0,6.0,181.348596
2025-11-07 15:18:00+00:00,181.35,181.35,181.35,181.35,100.0,1.0,181.35
2025-11-07 15:21:00+00:00,181.41,181.41,181.41,181.41,100.0,1.0,181.41
2025-11-07 15:25:00+00:00,181.21,181.21,181.21,181.21,100.0,1.0,181.21
2025-11-07 15:26:00+00:00,181.37,181.37,181.37,181.37,100.0,1.0,181.37
2025-11-07 15:37:00+00:00,181.12,181.12,181.12,181.12,100.0,1.0,181.12
2025-11-07 15:38:00+00:00,181.09,181.09,181.09,181.09,100.0,1.0,181.09
2025-11-07 16:01:00+00:00,180.695,180.695,180.695,180.695,145.0,3.0,180.695
2025-11-07 16:18:00+00:00,180.47,180.47,180.43,180.43,2420.0,14.0,180.445124
2025-11-07 16:19:00+00:00,180.49,180.49,180.49,180.49,400.0,3.0,180.49
2025-11-07 16:20:00+00:00,180.5,180.5,180.5,180.5,300.0,3.0,180.5
2025-11-07 16:25:00+00:00,180.53,180.53,180.53,180.53,100.0,1.0,180.53
2025-11-07 16:44:00+00:00,180.575,180.575,180.575,180.575,1180.0,10.0,180.575
2025-11-07 17:11:00+00:00,180.325,180.325,180.32,180.32,340.0,3.0,180.323235
2025-11-07 17:12:00+00:00,180.32,180.32,180.32,180.32,840.0,7.0,180.32
2025-11-07 17:38:00+00:00,180.6,180.6,180.6,180.6,100.0,1.0,180.6
2025-11-07 17:40:00+00:00,180.62,180.62,180.62,180.62,100.0,1.0,180.62
2025-11-07 17:46:00+00:00,180.61,180.61,180.61,180.61,100.0,1.0,180.61
2025-11-07 17:51:00+00:00,180.47,180.47,180.47,180.47,100.0,1.0,180.47
2025-11-07 17:54:00+00:00,180.57,180.57,180.57,180.57,100.0,1.0,180.57
2025-11-07 17:56:00+00:00,180.7,180.7,180.7,180.7,100.0,1.0,180.7
2025-11-07 18:08:00+00:00,180.965,180.965,180.965,180.965,400.0,1.0,180.965
2025-11-07 18:12:00+00:00,181.04,181.04,181.04,181.04,100.0,1.0,181.04
2025-11-07 18:15:00+00:00,181.01,181.01,181.01,181.01,400.0,1.0,181.01
2025-11-07 18:18:00+00:00,180.975,180.975,180.975,180.975,400.0,1.0,180.975
2025-11-07 18:19:00+00:00,181.06,181.06,181.06,181.06,100.0,1.0,181.06
2025-11-07 18:20:00+00:00,181.035,181.09,181.035,181.09,1210.0,3.0,181.039583
2025-11-07 18:32:00+00:00,181.265,181.27,181.26,181.26,1160.0,10.0,181.265086
2025-11-07 18:33:00+00:00,181.25,181.25,181.19,181.195,910.0,9.0,181.211778
2025-11-07 18:49:00+00:00,181.1,181.1,181.1,181.1,2414.0,2.0,181.1
2025-11-07 18:53:00+00:00,180.99,180.99,180.99,180.99,210.0,3.0,180.99
2025-11-07 18:54:00+00:00,180.99,180.995,180.99,180.995,3010.0,3.0,180.994667
2025-11-07 18:59:00+00:00,181.25,181.25,181.25,181.25,100.0,1.0,181.25
2025-11-07 19:00:00+00:00,181.22,181.22,181.22,181.22,211.0,2.0,181.22
2025-11-07 19:02:00+00:00,181.325,181.325,181.325,181.325,810.0,2.0,181.325
2025-11-07 19:05:00+00:00,181.28,181.28,181.28,181.28,110.0,2.0,181.28
2025-11-07 19:14:00+00:00,181.385,181.385,181.385,181.385,3800.0,2.0,181.385
2025-11-07 19:23:00+00:00,181.415,181.415,181.415,181.415,110.0,2.0,181.415
2025-11-07 19:26:00+00:00,181.38,181.39,181.38,181.39,1230.0,11.0,181.386066
2025-11-07 19:29:00+00:00,181.42,181.42,181.42,181.42,320.0,3.0,181.42
2025-11-07 19:30:00+00:00,181.47,181.51,181.47,181.505,420.0,4.0,181.497857
2025-11-07 19:31:00+00:00,181.65,181.65,181.65,181.65,120.0,1.0,181.65
2025-11-07 19:32:00+00:00,181.655,181.655,181.655,181.655,360.0,3.0,181.655
2025-11-07 19:34:00+00:00,181.74,181.74,181.74,181.74,120.0,1.0,181.74
2025-11-07 19:35:00+00:00,181.71,181.71,181.71,181.71,200.0,1.0,181.71
2025-11-07 19:36:00+00:00,181.81,181.81,181.81,181.81,200.0,1.0,181.81
2025-11-07 19:37:00+00:00,181.75,181.75,181.75,181.75,110.0,2.0,181.75
2025-11-07 19:38:00+00:00,181.8,181.81,181.8,181.81,330.0,3.0,181.80375
2025-11-07 19:39:00+00:00,181.86,181.905,181.86,181.905,1239.0,10.0,181.876491
2025-11-07 19:41:00+00:00,182.12,182.12,182.12,182.12,321.0,5.0,182.12
2025-11-07 19:42:00+00:00,182.13,182.17,182.13,182.17,1108.0,7.0,182.142397
2025-11-07 19:44:00+00:00,182.18,182.18,182.18,182.18,100.0,1.0,182.18
2025-11-07 19:45:00+00:00,182.1,182.1,182.1,182.1,210.0,2.0,182.1
2025-11-07 19:47:00+00:00,182.12,182.135,182.03,182.03,3000.0,4.0,182.1265
2025-11-07 19:48:00+00:00,181.96,181.99,181.96,181.99,320.0,2.0,181.97875
2025-11-07 19:49:00+00:00,182.08,182.08,182.08,182.08,310.0,2.0,182.08
2025-11-07 19:52:00+00:00,182.05,182.05,182.05,182.05,310.0,2.0,182.05
2025-11-07 19:53:00+00:00,182.08,182.08,182.08,182.08,900.0,2.0,182.08
2025-11-07 19:54:00+00:00,182.2,182.2,182.2,182.2,210.0,2.0,182.2
2025-11-07 19:56:00+00:00,182.165,182.19,182.165,182.19,3829.0,8.0,182.17822
2025-11-07 20:07:00+00:00,182.04,182.04,182.04,182.04,303.0,5.0,182.04
2025-11-07 20:08:00+00:00,182.07,182.07,182.07,182.07,177.0,2.0,182.07
2025-11-07 20:11:00+00:00,182.19,182.2,182.19,182.2,378.0,4.0,182.194545
2025-11-07 20:12:00+00:00,182.22,182.245,182.22,182.245,300.0,3.0,182.228333
2025-11-07 20:13:00+00:00,182.29,182.29,182.29,182.29,200.0,1.0,182.29
2025-11-07 20:14:00+00:00,182.21,182.21,182.21,182.21,120.0,1.0,182.21
2025-11-07 20:16:00+00:00,182.19,182.19,182.19,182.19,100.0,1.0,182.19
2025-11-07 20:17:00+00:00,182.15,182.15,182.15,182.15,200.0,1.0,182.15
2025-11-07 20:21:00+00:00,181.96,182.015,181.92,182.015,17850.0,29.0,181.990641
2025-11-07 20:22:00+00:00,182.015,182.05,182.005,182.04,1055.0,8.0,182.028341
2025-11-07 20:23:00+00:00,181.97,181.97,181.97,181.97,200.0,2.0,181.97
2025-11-07 20:25:00+00:00,181.94,181.94,181.94,181.94,100.0,1.0,181.94
2025-11-07 20:29:00+00:00,182.08,182.08,182.08,182.08,100.0,1.0,182.08
2025-11-07 20:37:00+00:00,182.19,182.22,182.19,182.22,1982.0,2.0,182.192755
2025-11-07 20:42:00+00:00,182.17,182.215,182.17,182.215,524.0,4.0,182.206
2025-11-07 20:49:00+00:00,182.22,182.22,182.175,182.175,500.0,2.0,182.184
2025-11-07 20:50:00+00:00,182.13,182.13,182.13,182.13,860.0,3.0,182.13
2025-11-07 20:51:00+00:00,182.26,182.26,182.26,182.26,200.0,1.0,182.26
2025-11-07 20:55:00+00:00,182.47,182.47,182.46,182.46,1356.0,11.0,182.463077
2025-11-07 20:56:00+00:00,182.48,182.48,182.44,182.44,301.0,4.0,182.466622
2025-11-07 20:58:00+00:00,182.5,182.56,182.5,182.56,300.0,3.0,182.536667
2025-11-07 20:59:00+00:00,182.57,182.58,182.57,182.58,330.0,6.0,182.574545
2025-11-10 14:33:00+00:00,184.245,184.245,184.245,184.245,246.0,6.0,184.245
2025-11-10 14:35:00+00:00,184.37,184.38,184.37,184.38,900.0,5.0,184.375556
2025-11-10 14:36:00+00:00,184.37,184.37,184.37,184.37,100.0,1.0,184.37
2025-11-10 14:38:00+00:00,184.45,184.45,184.45,184.45,100.0,1.0,184.45
2025-11-10 14:39:00+00:00,184.45,184.45,184.45,184.45,118.0,5.0,184.45
2025-11-10 14:42:00+00:00,184.49,184.49,184.49,184.49,208.0,4.0,184.49
2025-11-10 14:44:00+00:00,184.46,184.47,184.46,184.46,400.0,3.0,184.4625
2025-11-10 14:45:00+00:00,184.42,184.42,184.42,184.42,100.0,1.0,184.42
2025-11-10 14:47:00+00:00,184.45,184.45,184.45,184.45,110.0,2.0,184.45
2025-11-10 14:48:00+00:00,184.45,184.45,184.36,184.36,510.0,6.0,184.418
2025-11-10 15:02:00+00:00,184.34,184.34,184.34,184.34,100.0,1.0,184.34
2025-11-10 15:25:00+00:00,184.51,184.51,184.51,184.51,100.0,1.0,184.51
2025-11-10 15:28:00+00:00,184.54,184.54,184.54,184.54,200.0,1.0,184.54
2025-11-10 16:08:00+00:00,183.87,183.87,183.87,183.87,203.0,4.0,183.87
2025-11-10 16:09:00+00:00,183.86,183.86,183.86,183.86,100.0,1.0,183.86
2025-11-10 16:14:00+00:00,183.92,183.92,183.92,183.92,100.0,1.0,183.92
2025-11-10 16:32:00+00:00,183.88,183.88,183.88,183.88,161.0,4.0,183.88
2025-11-10 16:35:00+00:00,183.805,183.81,183.74,183.74,715.0,9.0,183.783571
2025-11-10 16:40:00+00:00,183.705,183.705,183.705,183.705,105.0,2.0,183.705
2025-11-10 16:43:00+00:00,183.76,183.76,183.76,183.76,167.0,2.0,183.76
2025-11-10 17:08:00+00:00,184.27,184.27,184.27,184.27,200.0,2.0,184.27
2025-11-10 17:30:00+00:00,184.29,184.29,184.29,184.29,798.0,10.0,184.29
2025-11-10 17:35:00+00:00,184.35,184.36,184.35,184.36,200.0,2.0,184.355
2025-11-10 17:36:00+00:00,184.37,184.37,184.37,184.37,200.0,2.0,184.37
2025-11-10 17:37:00+00:00,184.38,184.38,184.38,184.38,100.0,1.0,184.38
2025-11-10 17:38:00+00:00,184.4,184.435,184.4,184.435,500.0,4.0,184.428
2025-11-10 17:40:00+00:00,184.475,184.475,184.475,184.475,400.0,1.0,184.475
2025-11-10 17:57:00+00:00,184.69,184.69,184.69,184.69,258.0,4.0,184.69
2025-11-10 17:58:00+00:00,184.73,184.73,184.73,184.73,104.0,3.0,184.73
2025-11-10 18:00:00+00:00,184.67,184.67,184.67,184.67,186.0,2.0,184.67
2025-11-10 18:18:00+00:00,184.78,184.78,184.78,184.78,200.0,2.0,184.78
2025-11-10 18:19:00+00:00,184.78,184.78,184.78,184.78,300.0,3.0,184.78
2025-11-10 18:21:00+00:00,184.71,184.71,184.71,184.71,100.0,1.0,184.71
2025-11-10 18:25:00+00:00,184.81,184.82,184.81,184.82,2000.0,3.0,184.8195
2025-11-10 18:40:00+00:00,184.88,184.88,184.88,184.88,100.0,1.0,184.88
2025-11-10 18:44:00+00:00,184.83,184.83,184.83,184.83,110.0,2.0,184.83
2025-11-10 18:45:00+00:00,184.85,184.85,184.85,184.85,110.0,2.0,184.85
2025-11-10 19:45:00+00:00,185.08,185.08,185.07,185.07,210.0,3.0,185.075
2025-11-10 19:46:00+00:00,185.08,185.08,185.08,185.08,310.0,4.0,185.08
2025-11-10 19:56:00+00:00,185.22,185.22,185.21,185.21,210.0,3.0,185.215
2025-11-10 20:11:00+00:00,185.25,185.25,185.25,185.25,100.0,1.0,185.25
2025-11-10 20:14:00+00:00,185.295,185.295,185.295,185.295,297.0,1.0,185.295
2025-11-10 20:15:00+00:00,185.29,185.29,185.29,185.29,210.0,4.0,185.29
2025-11-10 20:29:00+00:00,185.17,185.17,185.17,185.17,101.0,2.0,185.17
2025-11-10 20:30:00+00:00,185.17,185.17,185.17,185.17,312.0,7.0,185.17
2025-11-10 20:38:00+00:00,185.285,185.285,185.285,185.285,101.0,2.0,185.285
2025-11-10 20:40:00+00:00,185.28,185.28,185.28,185.28,257.0,4.0,185.28
2025-11-10 20:43:00+00:00,185.27,185.27,185.27,185.27,120.0,3.0,185.27
2025-11-10 20:45:00+00:00,185.27,185.27,185.27,185.27,100.0,1.0,185.27
2025-11-10 20:52:00+00:00,185.27,185.27,185.25,185.25,820.0,9.0,185.254694
2025-11-10 20:54:00+00:00,185.38,185.38,185.38,185.38,100.0,1.0,185.38
2025-11-10 20:56:00+00:00,185.2,185.2,185.2,185.2,247.0,3.0,185.2
2025-11-10 20:58:00+00:00,185.205,185.21,185.18,185.18,645.0,7.0,185.203333
2025-11-10 20:59:00+00:00,185.25,185.25,185.15,185.15,543.0,10.0,185.216667
2025-11-11 15:06:00+00:00,184.99,184.99,184.99,184.99,200.0,2.0,184.99
2025-11-11 15:08:00+00:00,185.09,185.13,185.09,185.13,200.0,2.0,185.11
2025-11-11 15:32:00+00:00,185.04,185.04,185.04,185.04,100.0,1.0,185.04
2025-11-11 16:03:00+00:00,185.05,185.05,185.05,185.05,100.0,1.0,185.05
2025-11-11 16:31:00+00:00,185.05,185.05,185.05,185.05,100.0,1.0,185.05
2025-11-11 16:35:00+00:00,185.125,185.125,185.125,185.125,162.0,2.0,185.125
2025-11-11 16:53:00+00:00,185.25,185.25,185.25,185.25,100.0,1.0,185.25
2025-11-11 17:05:00+00:00,185.3,185.3,185.3,185.3,100.0,1.0,185.3
2025-11-11 18:19:00+00:00,185.89,185.89,185.89,185.89,100.0,1.0,185.89
2025-11-11 18:25:00+00:00,185.84,185.84,185.835,185.84,540.0,3.0,185.838889
2025-11-11 19:44:00+00:00,185.86,185.86,185.86,185.86,100.0,1.0,185.86
2025-11-11 19:56:00+00:00,185.94,185.945,185.94,185.945,700.0,6.0,185.944286
2025-11-11 20:21:00+00:00,185.86,185.86,185.86,185.86,100.0,1.0,185.86
2025-11-11 20:26:00+00:00,185.87,185.87,185.87,185.87,120.0,1.0,185.87
2025-11-11 20:34:00+00:00,185.815,185.815,185.815,185.815,220.0,2.0,185.815
2025-11-12 14:33:00+00:00,186.3,186.3,186.29,186.29,310.0,3.0,186.296667
2025-11-12 14:34:00+00:00,186.3,186.3,186.3,186.3,110.0,1.0,186.3
2025-11-12 14:35:00+00:00,186.32,186.32,186.32,186.32,111.0,3.0,186.32
2025-11-12 14:38:00+00:00,186.39,186.39,186.39,186.39,100.0,1.0,186.39
2025-11-12 14:39:00+00:00,186.48,186.48,186.42,186.42,205.0,3.0,186.45
2025-11-12 14:40:00+00:00,186.43,186.43,186.43,186.43,103.0,2.0,186.43
2025-11-12 14:41:00+00:00,186.36,186.36,186.36,186.36,110.0,2.0,186.36
2025-11-12 14:43:00+00:00,186.42,186.42,186.42,186.42,413.0,2.0,186.42
2025-11-12 14:45:00+00:00,186.35,186.35,186.35,186.35,100.0,1.0,186.35
2025-11-12 14:47:00+00:00,186.16,186.16,186.16,186.16,201.0,2.0,186.16
2025-11-12 14:59:00+00:00,186.24,186.24,186.24,186.24,499.0,4.0,186.24
2025-11-12 15:04:00+00:00,186.45,186.45,186.45,186.45,140.0,4.0,186.45
2025-11-12 15:07:00+00:00,186.31,186.31,186.31,186.31,100.0,1.0,186.31
2025-11-12 15:10:00+00:00,186.435,186.435,186.435,186.435,222.0,7.0,186.435
2025-11-12 15:14:00+00:00,186.17,186.17,186.17,186.17,100.0,1.0,186.17
2025-11-12 15:15:00+00:00,186.16,186.17,186.15,186.17,1861.0,18.0,186.157419
2025-11-12 15:16:00+00:00,186.2,186.22,186.2,186.22,494.0,7.0,186.210349
2025-11-12 15:17:00+00:00,186.24,186.24,186.24,186.24,1000.0,1.0,186.24
2025-11-12 15:19:00+00:00,186.22,186.22,186.22,186.22,102.0,3.0,186.22
2025-11-12 15:21:00+00:00,186.27,186.27,186.27,186.27,100.0,1.0,186.27
2025-11-12 15:29:00+00:00,186.28,186.28,186.28,186.28,100.0,1.0,186.28
2025-11-12 15:31:00+00:00,186.215,186.22,186.215,186.22,210.0,3.0,186.2175
2025-11-12 15:32:00+00:00,186.13,186.155,186.13,186.155,201.0,3.0,186.1425
2025-11-12 15:36:00+00:00,186.03,186.03,186.03,186.03,102.0,2.0,186.03
2025-11-12 15:47:00+00:00,186.1,186.1,186.1,186.1,102.0,3.0,186.1
2025-11-12 15:51:00+00:00,186.15,186.15,186.15,186.15,100.0,1.0,186.15
2025-11-12 15:52:00+00:00,186.13,186.13,186.1,186.1,320.0,4.0,186.12
2025-11-12 15:56:00+00:00,186.06,186.06,186.06,186.06,320.0,7.0,186.06
2025-11-12 15:59:00+00:00,186.045,186.065,186.045,186.06,2000.0,4.0,186.058
2025-11-12 16:03:00+00:00,186.07,186.07,186.07,186.07,100.0,1.0,186.07
2025-11-12 16:19:00+00:00,186.02,186.02,186.02,186.02,106.0,3.0,186.02
2025-11-12 16:21:00+00:00,185.99,185.99,185.99,185.99,200.0,1.0,185.99
2025-11-12 16:24:00+00:00,185.93,185.93,185.93,185.93,210.0,3.0,185.93
2025-11-12 16:27:00+00:00,186.0,186.0,186.0,186.0,100.0,1.0,186.0
2025-11-12 16:28:00+00:00,186.03,186.03,186.03,186.03,110.0,2.0,186.03
2025-11-12 16:30:00+00:00,186.06,186.06,186.06,186.06,100.0,1.0,186.06
2025-11-12 16:39:00+00:00,186.16,186.16,186.16,186.16,100.0,1.0,186.16
2025-11-12 16:40:00+00:00,186.1,186.1,186.1,186.1,110.0,2.0,186.1
2025-11-12 16:49:00+00:00,185.77,185.77,185.77,185.77,100.0,1.0,185.77
2025-11-12 16:55:00+00:00,185.92,185.92,185.92,185.92,100.0,1.0,185.92
2025-11-12 17:05:00+00:00,186.07,186.07,186.07,186.07,102.0,3.0,186.07
2025-11-12 17:09:00+00:00,186.11,186.11,186.11,186.11,100.0,1.0,186.11
2025-11-12 17:15:00+00:00,186.18,186.18,186.18,186.18,131.0,3.0,186.18
2025-11-12 17:27:00+00:00,186.1,186.1,186.1,186.1,114.0,4.0,186.1
2025-11-12 17:29:00+00:00,186.11,186.11,186.11,186.11,300.0,5.0,186.11
2025-11-12 17:32:00+00:00,186.11,186.11,186.11,186.11,200.0,3.0,186.11
2025-11-12 17:35:00+00:00,186.19,186.19,186.19,186.19,105.0,2.0,186.19
2025-11-12 17:46:00+00:00,186.31,186.31,186.31,186.31,110.0,2.0,186.31
2025-11-12 17:49:00+00:00,186.25,186.25,186.25,186.25,319.0,6.0,186.25
2025-11-12 17:51:00+00:00,186.2,186.2,186.2,186.2,172.0,2.0,186.2
2025-11-12 17:55:00+00:00,186.25,186.25,186.25,186.25,200.0,1.0,186.25
2025-11-12 18:00:00+00:00,186.38,186.38,186.38,186.38,101.0,2.0,186.38
2025-11-12 18:03:00+00:00,186.35,186.35,186.35,186.35,100.0,1.0,186.35
2025-11-12 18:07:00+00:00,186.33,186.33,186.31,186.31,620.0,5.0,186.319324
2025-11-12 18:08:00+00:00,186.34,186.34,186.32,186.32,200.0,2.0,186.33
2025-11-12 18:23:00+00:00,186.33,186.33,186.33,186.33,101.0,2.0,186.33
2025-11-12 18:34:00+00:00,186.34,186.34,186.34,186.34,100.0,1.0,186.34
2025-11-12 18:50:00+00:00,186.29,186.29,186.27,186.27,565.0,7.0,186.275
2025-11-12 18:51:00+00:00,186.31,186.31,186.31,186.31,199.0,2.0,186.31
2025-11-12 18:57:00+00:00,186.35,186.35,186.35,186.35,100.0,1.0,186.35
2025-11-12 19:53:00+00:00,186.15,186.15,186.15,186.15,115.0,5.0,186.15
2025-11-12 20:05:00+00:00,186.05,186.05,186.05,186.05,210.0,2.0,186.05
2025-11-12 20:14:00+00:00,186.06,186.06,186.06,186.06,100.0,1.0,186.06
2025-11-12 20:18:00+00:00,186.16,186.16,186.16,186.16,115.0,7.0,186.16
2025-11-12 20:25:00+00:00,186.17,186.17,186.17,186.17,178.0,7.0,186.17
2025-11-12 20:27:00+00:00,186.19,186.19,186.19,186.19,111.0,3.0,186.19
2025-11-12 20:31:00+00:00,186.26,186.26,186.26,186.26,107.0,8.0,186.26
2025-11-12 20:44:00+00:00,186.37,186.37,186.37,186.37,200.0,1.0,186.37
2025-11-12 20:52:00+00:00,186.39,186.4,186.39,186.4,242.0,7.0,186.395
2025-11-12 20:55:00+00:00,186.28,186.28,186.28,186.28,111.0,3.0,186.28
2025-11-13 14:30:00+00:00,185.46,185.46,185.46,185.46,100.0,1.0,185.46
2025-11-13 14:31:00+00:00,185.385,185.41,185.385,185.41,200.0,2.0,185.3975
2025-11-13 14:39:00+00:00,185.155,185.155,185.155,185.155,100.0,1.0,185.155
2025-11-13 14:42:00+00:00,185.14,185.14,185.14,185.14,100.0,1.0,185.14
2025-11-13 14:43:00+00:00,184.975,184.975,184.975,184.975,100.0,1.0,184.975
2025-11-13 14:44:00+00:00,184.91,184.91,184.91,184.91,100.0,1.0,184.91
2025-11-13 14:45:00+00:00,184.885,184.885,184.885,184.885,100.0,1.0,184.885
2025-11-13 14:47:00+00:00,185.045,185.045,185.045,185.045,100.0,1.0,185.045
2025-11-13 14:49:00+00:00,185.09,185.09,185.09,185.09,100.0,1.0,185.09
2025-11-13 14:51:00+00:00,185.15,185.15,185.15,185.15,100.0,1.0,185.15
2025-11-13 14:54:00+00:00,185.13,185.13,185.035,185.035,200.0,2.0,185.0825
2025-11-13 14:56:00+00:00,185.15,185.15,185.15,185.15,100.0,1.0,185.15
2025-11-13 14:57:00+00:00,185.165,185.165,185.165,185.165,100.0,1.0,185.165
2025-11-13 14:59:00+00:00,185.195,185.215,185.195,185.215,200.0,2.0,185.205
2025-11-13 15:01:00+00:00,185.12,185.12,185.04,185.04,200.0,2.0,185.08
2025-11-13 15:02:00+00:00,184.975,184.975,184.975,184.975,100.0,1.0,184.975
2025-11-13 15:03:00+00:00,185.02,185.02,185.02,185.02,100.0,1.0,185.02
2025-11-13 15:04:00+00:00,184.96,184.96,184.96,184.96,100.0,1.0,184.96
2025-11-13 15:05:00+00:00,184.99,184.99,184.99,184.99,100.0,1.0,184.99
2025-11-13 15:06:00+00:00,185.0,185.0,185.0,185.0,100.0,1.0,185.0
2025-11-13 15:07:00+00:00,185.09,185.09,185.09,185.09,100.0,1.0,185.09
2025-11-13 15:08:00+00:00,185.185,185.235,185.185,185.235,200.0,2.0,185.21
2025-11-13 15:10:00+00:00,185.335,185.335,185.335,185.335,100.0,1.0,185.335
2025-11-13 15:12:00+00:00,185.46,185.46,185.46,185.46,100.0,1.0,185.46
2025-11-13 15:16:00+00:00,185.57,185.57,185.57,185.57,100.0,1.0,185.57
2025-11-13 15:17:00+00:00,185.395,185.395,185.395,185.395,100.0,1.0,185.395
2025-11-13 15:18:00+00:00,185.42,185.42,185.42,185.42,100.0,1.0,185.42
2025-11-13 15:19:00+00:00,185.425,185.425,185.425,185.425,100.0,1.0,185.425
2025-11-13 15:21:00+00:00,185.37,185.37,185.37,185.37,100.0,1.0,185.37
2025-11-13 15:22:00+00:00,185.26,185.26,185.26,185.26,100.0,1.0,185.26
2025-11-13 15:23:00+00:00,185.23,185.23,185.23,185.23,100.0,1.0,185.23
2025-11-13 15:24:00+00:00,185.315,185.315,185.315,185.315,100.0,1.0,185.315
2025-11-13 15:26:00+00:00,185.27,185.27,185.13,185.13,200.0,2.0,185.2
2025-11-13 15:28:00+00:00,185.05,185.05,185.05,185.05,100.0,1.0,185.05
2025-11-13 15:31:00+00:00,185.09,185.09,185.09,185.09,100.0,1.0,185.09
2025-11-13 15:34:00+00:00,184.875,184.875,184.875,184.875,100.0,1.0,184.875
2025-11-13 15:35:00+00:00,184.89,184.89,184.89,184.89,100.0,1.0,184.89
2025-11-13 15:36:00+00:00,184.9,184.9,184.9,184.9,100.0,1.0,184.9
2025-11-13 15:37:00+00:00,184.76,184.76,184.76,184.76,100.0,1.0,184.76
2025-11-13 15:38:00+00:00,184.73,184.73,184.73,184.73,100.0,1.0,184.73
2025-11-13 15:39:00+00:00,184.87,184.87,184.87,184.87,100.0,1.0,184.87
2025-11-13 15:42:00+00:00,184.78,184.78,184.78,184.78,100.0,1.0,184.78
2025-11-13 15:43:00+00:00,184.775,184.775,184.775,184.775,100.0,1.0,184.775
2025-11-13 15:45:00+00:00,184.74,184.74,184.74,184.74,100.0,1.0,184.74
2025-11-13 15:46:00+00:00,184.6,184.6,184.6,184.6,100.0,1.0,184.6
2025-11-13 15:48:00+00:00,184.51,184.51,184.51,184.51,100.0,1.0,184.51
2025-11-13 15:49:00+00:00,184.47,184.47,184.47,184.47,100.0,1.0,184.47
2025-11-13 15:50:00+00:00,184.47,184.47,184.47,184.47,100.0,1.0,184.47
2025-11-13 15:51:00+00:00,184.52,184.52,184.52,184.52,100.0,1.0,184.52
2025-11-13 15:52:00+00:00,184.465,184.465,184.465,184.465,100.0,1.0,184.465
2025-11-13 15:54:00+00:00,184.33,184.33,184.33,184.33,100.0,1.0,184.33
2025-11-13 15:56:00+00:00,184.42,184.42,184.42,184.42,100.0,1.0,184.42
2025-11-13 15:57:00+00:00,184.345,184.345,184.345,184.345,100.0,1.0,184.345
2025-11-13 16:04:00+00:00,184.42,184.42,184.42,184.42,100.0,1.0,184.42
2025-11-13 16:05:00+00:00,184.375,184.375,184.375,184.375,100.0,1.0,184.375
2025-11-13 16:22:00+00:00,184.355,184.395,184.355,184.395,200.0,2.0,184.375
2025-11-13 16:25:00+00:00,184.285,184.285,184.25,184.25,200.0,2.0,184.2675
2025-11-13 16:27:00+00:00,184.28,184.28,184.28,184.28,100.0,1.0,184.28
2025-11-13 16:30:00+00:00,184.31,184.31,184.31,184.31,100.0,1.0,184.31
2025-11-13 16:34:00+00:00,184.52,184.52,184.52,184.52,100.0,1.0,184.52
2025-11-13 16:35:00+00:00,184.53,184.53,184.53,184.53,100.0,1.0,184.53
2025-11-13 16:36:00+00:00,184.3,184.3,184.3,184.3,100.0,1.0,184.3
2025-11-13 16:37:00+00:00,184.255,184.255,184.255,184.255,100.0,1.0,184.255
2025-11-13 16:38:00+00:00,184.245,184.245,184.245,184.245,100.0,1.0,184.245
2025-11-13 16:39:00+00:00,184.165,184.165,184.165,184.165,100.0,1.0,184.165
2025-11-13 16:43:00+00:00,184.045,184.045,184.045,184.045,100.0,1.0,184.045
2025-11-13 16:45:00+00:00,184.1,184.1,184.1,184.1,100.0,1.0,184.1
2025-11-13 16:46:00+00:00,184.07,184.07,184.07,184.07,100.0,1.0,184.07
2025-11-13 16:50:00+00:00,184.18,184.18,184.18,184.18,100.0,1.0,184.18
2025-11-13 16:51:00+00:00,184.145,184.145,184.145,184.145,100.0,1.0,184.145
2025-11-13 16:52:00+00:00,184.13,184.13,184.13,184.13,100.0,1.0,184.13
2025-11-13 16:53:00+00:00,184.155,184.155,184.155,184.155,100.0,1.0,184.155
2025-11-13 16:55:00+00:00,184.12,184.12,184.085,184.085,200.0,2.0,184.1025
2025-11-13 16:57:00+00:00,184.12,184.12,184.12,184.12,100.0,1.0,184.12
2025-11-13 16:58:00+00:00,184.15,184.15,184.15,184.15,100.0,1.0,184.15
2025-11-13 16:59:00+00:00,184.215,184.215,184.215,184.215,127.0,2.0,184.215
2025-11-13 17:03:00+00:00,184.165,184.165,184.165,184.165,100.0,1.0,184.165
2025-11-13 17:05:00+00:00,184.32,184.32,184.23,184.23,200.0,2.0,184.275
2025-11-13 17:08:00+00:00,184.32,184.32,184.32,184.32,100.0,1.0,184.32
2025-11-13 17:10:00+00:00,184.11,184.11,184.11,184.11,100.0,1.0,184.11
2025-11-13 17:11:00+00:00,184.085,184.085,184.085,184.085,100.0,1.0,184.085
2025-11-13 17:13:00+00:00,184.08,184.08,184.08,184.08,100.0,1.0,184.08
2025-11-13 17:14:00+00:00,184.07,184.07,184.07,184.07,100.0,1.0,184.07
2025-11-13 17:18:00+00:00,184.24,184.24,184.24,184.24,100.0,1.0,184.24
2025-11-13 17:19:00+00:00,184.24,184.24,184.24,184.24,100.0,1.0,184.24
2025-11-13 17:21:00+00:00,184.23,184.23,184.23,184.23,100.0,1.0,184.23
2025-11-13 17:25:00+00:00,184.335,184.335,184.335,184.335,100.0,1.0,184.335
2025-11-13 17:27:00+00:00,184.335,184.335,184.335,184.335,100.0,1.0,184.335
2025-11-13 17:28:00+00:00,184.38,184.38,184.38,184.38,100.0,1.0,184.38
2025-11-13 17:31:00+00:00,184.445,184.49,184.445,184.49,200.0,2.0,184.4675
2025-11-13 17:33:00+00:00,184.48,184.48,184.48,184.48,100.0,1.0,184.48
2025-11-13 17:34:00+00:00,184.51,184.51,184.51,184.51,100.0,1.0,184.51
2025-11-13 17:35:00+00:00,184.37,184.37,184.37,184.37,100.0,1.0,184.37
2025-11-13 17:36:00+00:00,184.305,184.305,184.305,184.305,100.0,1.0,184.305
2025-11-13 17:37:00+00:00,184.315,184.315,184.315,184.315,100.0,1.0,184.315
2025-11-13 17:39:00+00:00,184.36,184.36,184.36,184.36,100.0,1.0,184.36
2025-11-13 17:41:00+00:00,184.275,184.275,184.24,184.24,200.0,2.0,184.2575
2025-11-13 17:46:00+00:00,184.01,184.01,184.01,184.01,100.0,1.0,184.01
2025-11-13 17:48:00+00:00,184.06,184.06,184.06,184.06,100.0,1.0,184.06
2025-11-13 17:49:00+00:00,184.13,184.13,184.13,184.13,100.0,1.0,184.13
2025-11-13 17:50:00+00:00,184.05,184.05,184.05,184.05,100.0,1.0,184.05
2025-11-13 17:51:00+00:00,184.09,184.09,184.09,184.09,100.0,1.0,184.09
2025-11-13 17:53:00+00:00,184.115,184.115,184.115,184.115,100.0,1.0,184.115
2025-11-13 17:54:00+00:00,184.13,184.13,184.13,184.13,100.0,1.0,184.13
2025-11-13 17:55:00+00:00,184.07,184.07,184.07,184.07,100.0,1.0,184.07
2025-11-13 17:56:00+00:00,184.005,184.005,184.005,184.005,100.0,1.0,184.005
2025-11-13 17:59:00+00:00,183.91,183.91,183.91,183.91,100.0,1.0,183.91
2025-11-13 18:02:00+00:00,183.97,183.97,183.97,183.97,100.0,1.0,183.97
2025-11-13 18:03:00+00:00,183.99,183.99,183.975,183.975,200.0,2.0,183.9825
2025-11-13 18:04:00+00:00,183.94,183.94,183.94,183.94,100.0,1.0,183.94
2025-11-13 18:06:00+00:00,183.94,183.94,183.94,183.94,100.0,1.0,183.94
2025-11-13 18:07:00+00:00,183.995,183.995,183.995,183.995,100.0,1.0,183.995
2025-11-13 18:09:00+00:00,183.955,183.955,183.955,183.955,100.0,1.0,183.955
2025-11-13 18:10:00+00:00,183.865,183.865,183.865,183.865,100.0,1.0,183.865
2025-11-13 18:11:00+00:00,183.865,183.865,183.865,183.865,100.0,1.0,183.865
2025-11-13 18:13:00+00:00,183.95,183.95,183.95,183.95,100.0,1.0,183.95
2025-11-13 18:14:00+00:00,184.035,184.035,184.035,184.035,100.0,1.0,184.035
2025-11-13 18:16:00+00:00,183.85,183.85,183.85,183.85,100.0,1.0,183.85
2025-11-13 18:17:00+00:00,183.84,183.84,183.84,183.84,100.0,1.0,183.84
2025-11-13 18:20:00+00:00,183.835,183.835,183.835,183.835,100.0,1.0,183.835
2025-11-13 18:21:00+00:00,183.73,183.73,183.73,183.73,100.0,1.0,183.73
2025-11-13 18:23:00+00:00,183.81,183.81,183.81,183.81,100.0,1.0,183.81
2025-11-13 18:24:00+00:00,183.785,183.785,183.785,183.785,100.0,1.0,183.785
2025-11-13 18:25:00+00:00,183.63,183.63,183.63,183.63,100.0,1.0,183.63
2025-11-13 18:26:00+00:00,183.62,183.62,183.62,183.62,100.0,1.0,183.62
2025-11-13 18:28:00+00:00,183.565,183.565,183.565,183.565,100.0,1.0,183.565
2025-11-13 18:29:00+00:00,183.575,183.575,183.575,183.575,100.0,1.0,183.575
2025-11-13 18:31:00+00:00,183.53,183.53,183.53,183.53,100.0,1.0,183.53
2025-11-13 18:37:00+00:00,183.345,183.345,183.345,183.345,100.0,1.0,183.345
2025-11-13 18:38:00+00:00,183.31,183.31,183.31,183.31,100.0,1.0,183.31
2025-11-13 18:39:00+00:00,183.235,183.235,183.235,183.235,100.0,1.0,183.235
2025-11-13 18:40:00+00:00,183.21,183.21,183.21,183.21,100.0,1.0,183.21
2025-11-13 18:42:00+00:00,183.315,183.315,183.315,183.315,100.0,1.0,183.315
2025-11-13 18:43:00+00:00,183.325,183.325,183.325,183.325,100.0,1.0,183.325
2025-11-13 18:44:00+00:00,183.43,183.43,183.43,183.43,125.0,1.0,183.43
2025-11-13 18:46:00+00:00,183.44,183.44,183.44,183.44,125.0,1.0,183.44
2025-11-13 18:47:00+00:00,183.4,183.4,183.4,183.4,100.0,1.0,183.4
2025-11-13 18:49:00+00:00,183.42,183.47,183.42,183.47,200.0,2.0,183.445
2025-11-13 18:53:00+00:00,183.4,183.4,183.4,183.4,100.0,1.0,183.4
2025-11-13 18:54:00+00:00,183.37,183.37,183.37,183.37,100.0,1.0,183.37
2025-11-13 18:55:00+00:00,183.34,183.34,183.34,183.34,100.0,1.0,183.34
2025-11-13 18:57:00+00:00,183.385,183.385,183.385,183.385,100.0,1.0,183.385
2025-11-13 18:59:00+00:00,183.415,183.415,183.415,183.415,100.0,1.0,183.415
2025-11-13 19:03:00+00:00,183.34,183.34,183.285,183.285,300.0,3.0,183.305
2025-11-13 19:04:00+00:00,183.28,183.28,183.28,183.28,100.0,1.0,183.28
2025-11-13 19:07:00+00:00,183.47,183.47,183.47,183.47,400.0,1.0,183.47
2025-11-13 19:09:00+00:00,183.35,183.35,183.35,183.35,100.0,1.0,183.35
2025-11-13 19:10:00+00:00,183.34,183.34,183.34,183.34,100.0,1.0,183.34
2025-11-13 19:11:00+00:00,183.295,183.295,183.295,183.295,100.0,1.0,183.295
2025-11-13 19:13:00+00:00,183.23,183.23,183.23,183.23,100.0,1.0,183.23
2025-11-13 19:14:00+00:00,183.21,183.21,183.21,183.21,125.0,1.0,183.21
2025-11-13 19:15:00+00:00,183.165,183.165,183.165,183.165,100.0,1.0,183.165
2025-11-13 19:17:00+00:00,183.31,183.31,183.31,183.31,100.0,1.0,183.31
2025-11-13 19:19:00+00:00,183.31,183.31,183.31,183.31,100.0,1.0,183.31
2025-11-13 19:21:00+00:00,183.31,183.31,183.31,183.31,100.0,1.0,183.31
2025-11-13 19:22:00+00:00,183.38,183.4,183.38,183.4,200.0,2.0,183.39
2025-11-13 19:23:00+00:00,183.465,183.465,183.465,183.465,300.0,3.0,183.465
2025-11-13 19:25:00+00:00,183.62,183.62,183.62,183.62,4100.0,18.0,183.62
2025-11-13 19:26:00+00:00,183.62,183.625,183.56,183.56,1136.0,12.0,183.615556
2025-11-13 19:28:00+00:00,183.515,183.515,183.515,183.515,100.0,1.0,183.515
2025-11-13 19:29:00+00:00,183.61,183.61,183.61,183.61,100.0,1.0,183.61
2025-11-13 19:30:00+00:00,183.505,183.505,183.505,183.505,100.0,1.0,183.505
2025-11-13 19:34:00+00:00,183.575,183.575,183.575,183.575,100.0,1.0,183.575
2025-11-13 19:35:00+00:00,183.56,183.585,183.56,183.585,200.0,2.0,183.5725
2025-11-13 19:36:00+00:00,183.61,183.61,183.61,183.61,100.0,1.0,183.61
2025-11-13 19:37:00+00:00,183.545,183.545,183.545,183.545,100.0,1.0,183.545
2025-11-13 19:39:00+00:00,183.43,183.43,183.43,183.43,100.0,1.0,183.43
2025-11-13 19:40:00+00:00,183.33,183.33,183.33,183.33,100.0,1.0,183.33
2025-11-13 19:41:00+00:00,183.33,183.33,183.33,183.33,100.0,1.0,183.33
2025-11-13 19:43:00+00:00,183.365,183.365,183.365,183.365,100.0,1.0,183.365
2025-11-13 19:45:00+00:00,183.395,183.395,183.395,183.395,100.0,1.0,183.395
2025-11-13 19:50:00+00:00,183.275,183.34,183.275,183.275,300.0,3.0,183.296667
2025-11-13 19:52:00+00:00,183.26,183.27,183.26,183.27,200.0,2.0,183.265
2025-11-13 19:54:00+00:00,183.17,183.17,183.17,183.17,100.0,1.0,183.17
2025-11-13 19:55:00+00:00,182.96,182.96,182.96,182.96,100.0,1.0,182.96
2025-11-13 19:56:00+00:00,183.115,183.115,183.115,183.115,100.0,1.0,183.115
2025-11-13 19:57:00+00:00,183.135,183.135,183.135,183.135,100.0,1.0,183.135
2025-11-13 20:00:00+00:00,183.185,183.185,183.16,183.16,200.0,2.0,183.1725
2025-11-13 20:01:00+00:00,183.23,183.23,183.23,183.23,100.0,1.0,183.23
2025-11-13 20:02:00+00:00,183.14,183.14,183.14,183.14,100.0,1.0,183.14
2025-11-13 20:03:00+00:00,183.15,183.15,183.145,183.145,200.0,2.0,183.1475
2025-11-13 20:05:00+00:00,183.105,183.105,183.08,183.08,200.0,2.0,183.0925
2025-11-13 20:07:00+00:00,183.015,183.015,183.015,183.015,100.0,1.0,183.015
2025-11-13 20:10:00+00:00,183.265,183.265,183.145,183.145,300.0,3.0,183.223333
2025-11-13 20:11:00+00:00,183.17,183.17,183.16,183.16,200.0,2.0,183.165
2025-11-13 20:12:00+00:00,183.215,183.215,183.215,183.215,100.0,1.0,183.215
2025-11-13 20:15:00+00:00,183.18,183.18,183.17,183.17,200.0,2.0,183.175
2025-11-13 20:17:00+00:00,183.175,183.175,183.175,183.175,100.0,1.0,183.175
2025-11-13 20:18:00+00:00,183.11,183.17,183.11,183.135,600.0,6.0,183.146667
2025-11-13 20:19:00+00:00,183.155,183.155,183.155,183.155,100.0,1.0,183.155
2025-11-13 20:22:00+00:00,183.04,183.04,183.04,183.04,125.0,1.0,183.04
2025-11-13 20:25:00+00:00,183.035,183.035,183.035,183.035,100.0,1.0,183.035
2025-11-13 20:29:00+00:00,183.22,183.22,183.22,183.22,100.0,1.0,183.22
2025-11-13 20:30:00+00:00,183.255,183.255,183.255,183.255,149.0,3.0,183.255
2025-11-13 20:31:00+00:00,183.165,183.165,183.165,183.165,100.0,1.0,183.165
2025-11-13 20:32:00+00:00,183.235,183.235,183.235,183.235,100.0,1.0,183.235
2025-11-13 20:33:00+00:00,183.24,183.24,183.215,183.215,200.0,2.0,183.2275
2025-11-13 20:37:00+00:00,183.355,183.355,183.355,183.355,100.0,1.0,183.355
2025-11-13 20:38:00+00:00,183.34,183.4,183.34,183.4,200.0,2.0,183.37
2025-11-13 20:44:00+00:00,183.425,183.425,183.425,183.425,248.0,2.0,183.425
2025-11-13 20:45:00+00:00,183.4,183.4,183.39,183.39,200.0,2.0,183.395
2025-11-13 20:47:00+00:00,183.4,183.425,183.4,183.425,325.0,4.0,183.411667
2025-11-13 20:48:00+00:00,183.4,183.4,183.4,183.4,125.0,1.0,183.4
2025-11-13 20:52:00+00:00,183.37,183.37,183.2,183.2,525.0,5.0,183.290952
2025-11-13 20:54:00+00:00,183.1,183.1,183.025,183.025,400.0,4.0,183.07
2025-11-13 20:55:00+00:00,183.07,183.15,183.07,183.15,650.0,8.0,183.1125
2025-11-13 20:56:00+00:00,183.135,183.17,183.135,183.155,400.0,4.0,183.15625
2025-11-13 20:57:00+00:00,183.155,183.155,183.155,183.155,100.0,1.0,183.155
2025-11-13 20:58:00+00:00,183.18,183.18,183.15,183.155,416.0,6.0,183.16
2025-11-13 20:59:00+00:00,183.215,183.215,183.215,183.215,392.0,3.0,183.215
2025-11-14 14:32:00+00:00,181.25,181.25,181.25,181.25,100.0,1.0,181.25
2025-11-14 14:34:00+00:00,181.22,181.25,181.22,181.25,201.0,3.0,181.235
2025-11-14 14:49:00+00:00,182.37,182.37,182.365,182.365,300.0,3.0,182.368333
2025-11-14 14:54:00+00:00,182.38,182.38,182.38,182.38,222.0,5.0,182.38
2025-11-14 15:07:00+00:00,182.25,182.25,182.25,182.25,100.0,1.0,182.25
2025-11-14 15:09:00+00:00,182.29,182.29,182.29,182.29,110.0,2.0,182.29
2025-11-14 15:10:00+00:00,182.41,182.41,182.41,182.41,110.0,2.0,182.41
2025-11-14 15:11:00+00:00,182.31,182.31,182.31,182.31,477.0,5.0,182.31
2025-11-14 15:27:00+00:00,182.5,182.5,182.5,182.5,191.0,3.0,182.5
2025-11-14 16:51:00+00:00,183.78,183.78,183.78,183.78,120.0,2.0,183.78
2025-11-14 17:57:00+00:00,183.7,183.7,183.7,183.7,100.0,1.0,183.7
2025-11-14 19:16:00+00:00,183.46,183.46,183.46,183.46,101.0,2.0,183.46
2025-11-14 19:22:00+00:00,183.64,183.64,183.64,183.64,100.0,1.0,183.64
2025-11-14 19:41:00+00:00,183.65,183.65,183.65,183.65,105.0,2.0,183.65
2025-11-14 19:47:00+00:00,183.77,183.77,183.77,183.77,110.0,6.0,183.77
2025-11-14 20:39:00+00:00,183.34,183.34,183.34,183.34,101.0,2.0,183.34
2025-11-14 20:48:00+00:00,183.19,183.19,183.19,183.19,102.0,2.0,183.19
2025-11-14 20:50:00+00:00,183.18,183.18,183.18,183.18,207.0,6.0,183.18
2025-11-14 20:51:00+00:00,183.16,183.16,183.16,183.16,101.0,2.0,183.16
2025-11-14 20:56:00+00:00,183.18,183.18,183.18,183.18,101.0,2.0,183.18
2025-11-14 20:57:00+00:00,183.06,183.06,183.06,183.06,100.0,1.0,183.06
2025-11-17 14:36:00+00:00,182.905,182.905,182.905,182.905,170.0,2.0,182.905
2025-11-17 14:47:00+00:00,183.13,183.13,183.12,183.12,581.0,6.0,183.12349
2025-11-17 14:48:00+00:00,183.11,183.11,183.11,183.11,101.0,2.0,183.11
2025-11-17 14:55:00+00:00,183.37,183.37,183.37,183.37,154.0,3.0,183.37
2025-11-17 15:06:00+00:00,183.0,183.0,183.0,183.0,125.0,3.0,183.0
2025-11-17 15:44:00+00:00,182.845,182.845,182.845,182.845,730.0,8.0,182.845
2025-11-17 15:45:00+00:00,182.86,182.89,182.83,182.83,326.0,6.0,182.861875
2025-11-17 16:36:00+00:00,182.715,182.715,182.715,182.715,102.0,2.0,182.715
2025-11-17 16:52:00+00:00,183.08,183.08,183.08,183.08,106.0,3.0,183.08
2025-11-17 17:02:00+00:00,183.17,183.17,183.17,183.17,100.0,1.0,183.17
2025-11-17 17:18:00+00:00,183.01,183.01,183.01,183.01,100.0,1.0,183.01
2025-11-17 17:42:00+00:00,182.86,182.86,182.85,182.85,518.0,3.0,182.852317
2025-11-17 17:46:00+00:00,182.585,182.59,182.585,182.59,225.0,4.0,182.587727
2025-11-17 18:07:00+00:00,182.14,182.14,182.14,182.14,101.0,2.0,182.14
2025-11-17 18:37:00+00:00,182.06,182.06,182.06,182.06,101.0,2.0,182.06
2025-11-17 18:43:00+00:00,182.11,182.11,182.11,182.11,100.0,1.0,182.11
2025-11-17 18:52:00+00:00,182.115,182.115,182.115,182.115,370.0,3.0,182.115
2025-11-17 19:37:00+00:00,181.17,181.17,181.17,181.17,103.0,2.0,181.17
2025-11-17 19:42:00+00:00,180.92,180.92,180.92,180.92,107.0,4.0,180.92
2025-11-17 19:50:00+00:00,180.96,180.96,180.96,180.96,106.0,3.0,180.96
2025-11-17 19:55:00+00:00,180.79,180.79,180.79,180.79,100.0,1.0,180.79
2025-11-17 20:11:00+00:00,180.73,180.73,180.73,180.73,100.0,1.0,180.73
2025-11-17 20:49:00+00:00,181.12,181.12,181.12,181.12,105.0,3.0,181.12
2025-11-17 20:50:00+00:00,181.2,181.2,181.2,181.2,200.0,1.0,181.2
2025-11-17 20:52:00+00:00,181.16,181.16,181.16,181.16,101.0,2.0,181.16
2025-11-17 20:55:00+00:00,181.26,181.26,181.26,181.26,137.0,2.0,181.26
2025-11-17 20:58:00+00:00,181.22,181.22,181.22,181.22,211.0,3.0,181.22
2025-11-18 14:55:00+00:00,179.42,179.42,179.42,179.42,300.0,1.0,179.42
2025-11-18 15:12:00+00:00,179.01,179.01,179.01,179.01,100.0,1.0,179.01
2025-11-18 15:15:00+00:00,179.19,179.19,179.19,179.19,100.0,1.0,179.19
2025-11-18 16:08:00+00:00,179.01,179.01,179.01,179.01,500.0,2.0,179.01
2025-11-18 16:35:00+00:00,179.835,179.835,179.835,179.835,100.0,1.0,179.835
2025-11-18 16:36:00+00:00,179.89,179.89,179.885,179.885,400.0,4.0,179.88625
2025-11-18 16:37:00+00:00,179.95,179.95,179.95,179.95,200.0,1.0,179.95
2025-11-18 16:48:00+00:00,179.86,179.86,179.86,179.86,100.0,1.0,179.86
2025-11-18 17:27:00+00:00,179.475,179.475,179.475,179.475,110.0,2.0,179.475
2025-11-18 17:32:00+00:00,179.15,179.15,179.15,179.15,100.0,1.0,179.15
2025-11-18 17:40:00+00:00,180.05,180.05,180.05,180.05,104.0,2.0,180.05
2025-11-18 17:49:00+00:00,180.32,180.32,180.32,180.32,100.0,1.0,180.32
2025-11-18 18:13:00+00:00,180.55,180.55,180.55,180.55,100.0,1.0,180.55
2025-11-18 18:15:00+00:00,180.51,180.51,180.51,180.51,100.0,1.0,180.51
2025-11-18 18:20:00+00:00,180.555,180.555,180.555,180.555,100.0,1.0,180.555
2025-11-18 18:25:00+00:00,180.52,180.52,180.52,180.52,100.0,1.0,180.52
2025-11-18 18:38:00+00:00,180.42,180.42,180.42,180.42,100.0,1.0,180.42
2025-11-18 18:39:00+00:00,180.555,180.555,180.555,180.555,100.0,1.0,180.555
2025-11-18 18:43:00+00:00,180.535,180.535,180.535,180.535,225.0,2.0,180.535
2025-11-18 18:45:00+00:00,180.6,180.6,180.6,180.6,100.0,1.0,180.6
2025-11-18 18:55:00+00:00,180.625,180.625,180.57,180.57,220.0,2.0,180.595
2025-11-18 18:58:00+00:00,180.37,180.37,180.37,180.37,100.0,1.0,180.37
2025-11-18 19:23:00+00:00,180.35,180.35,180.35,180.35,100.0,1.0,180.35
2025-11-18 19:29:00+00:00,180.295,180.295,180.295,180.295,100.0,1.0,180.295
2025-11-18 19:41:00+00:00,180.635,180.635,180.635,180.635,100.0,1.0,180.635
2025-11-18 19:42:00+00:00,180.58,180.58,180.58,180.58,100.0,1.0,180.58
2025-11-18 19:48:00+00:00,180.58,180.58,180.58,180.58,100.0,1.0,180.58
2025-11-18 19:50:00+00:00,180.52,180.52,180.52,180.52,100.0,1.0,180.52
2025-11-18 19:54:00+00:00,180.435,180.435,180.435,180.435,100.0,1.0,180.435
2025-11-18 20:00:00+00:00,180.675,180.675,180.665,180.665,200.0,2.0,180.67
2025-11-18 20:01:00+00:00,180.75,180.75,180.73,180.73,321.0,3.0,180.742461
2025-11-18 20:05:00+00:00,180.57,180.57,180.57,180.57,100.0,1.0,180.57
2025-11-18 20:10:00+00:00,180.43,180.43,180.43,180.43,100.0,1.0,180.43
2025-11-18 20:15:00+00:00,180.425,180.425,180.425,180.425,100.0,1.0,180.425
2025-11-18 20:20:00+00:00,180.36,180.36,180.36,180.36,100.0,1.0,180.36
2025-11-18 20:25:00+00:00,180.27,180.27,180.27,180.27,100.0,1.0,180.27
2025-11-18 20:28:00+00:00,180.11,180.11,180.11,180.11,400.0,1.0,180.11
2025-11-18 20:29:00+00:00,180.155,180.155,180.155,180.155,100.0,1.0,180.155
2025-11-18 20:40:00+00:00,180.3,180.3,180.3,180.3,115.0,5.0,180.3
2025-11-18 20:41:00+00:00,180.22,180.22,180.22,180.22,307.0,3.0,180.22
2025-11-18 20:45:00+00:00,180.11,180.11,180.11,180.11,111.0,4.0,180.11
2025-11-18 20:53:00+00:00,180.13,180.13,180.13,180.13,112.0,2.0,180.13
2025-11-18 20:59:00+00:00,179.78,179.78,179.78,179.78,102.0,2.0,179.78
2025-11-19 14:50:00+00:00,180.24,180.24,180.24,180.24,100.0,1.0,180.24
2025-11-19 15:06:00+00:00,180.98,180.98,180.98,180.98,100.0,1.0,180.98
2025-11-19 15:33:00+00:00,180.915,180.95,180.915,180.95,315.0,4.0,180.938333
2025-11-19 15:53:00+00:00,180.38,180.38,180.345,180.345,200.0,2.0,180.3625
2025-11-19 16:02:00+00:00,180.2,180.2,180.2,180.2,400.0,3.0,180.2
2025-11-19 16:27:00+00:00,179.8,179.8,179.8,179.8,100.0,1.0,179.8
2025-11-19 16:48:00+00:00,179.71,179.71,179.71,179.71,100.0,1.0,179.71
2025-11-19 17:26:00+00:00,179.46,179.46,179.46,179.46,200.0,2.0,179.46
2025-11-19 18:07:00+00:00,179.63,179.63,179.63,179.63,100.0,1.0,179.63
2025-11-19 18:26:00+00:00,179.96,179.96,179.96,179.96,400.0,1.0,179.96
2025-11-19 18:41:00+00:00,180.01,180.01,180.01,180.01,100.0,1.0,180.01
2025-11-19 18:46:00+00:00,179.75,179.75,179.75,179.75,100.0,1.0,179.75
2025-11-19 19:16:00+00:00,179.735,179.735,179.735,179.735,100.0,1.0,179.735
2025-11-19 19:27:00+00:00,179.335,179.335,179.335,179.335,325.0,3.0,179.335
2025-11-19 19:29:00+00:00,179.35,179.35,179.35,179.35,100.0,1.0,179.35
2025-11-19 19:30:00+00:00,179.48,179.48,179.48,179.48,100.0,1.0,179.48
2025-11-19 19:31:00+00:00,179.475,179.475,179.43,179.43,600.0,4.0,179.439
2025-11-19 19:35:00+00:00,179.4,179.4,179.395,179.395,700.0,4.0,179.395714
2025-11-19 19:46:00+00:00,179.385,179.385,179.385,179.385,121.0,3.0,179.385
2025-11-19 19:47:00+00:00,179.32,179.32,179.32,179.32,112.0,2.0,179.32
2025-11-19 19:50:00+00:00,179.42,179.42,179.42,179.42,100.0,1.0,179.42
2025-11-19 19:58:00+00:00,179.665,179.665,179.665,179.665,100.0,1.0,179.665
2025-11-19 20:01:00+00:00,179.75,179.75,179.75,179.75,100.0,1.0,179.75
2025-11-19 20:05:00+00:00,179.795,179.795,179.795,179.795,100.0,1.0,179.795
2025-11-19 20:10:00+00:00,179.845,179.845,179.845,179.845,447.0,1.0,179.845
2025-11-19 20:15:00+00:00,180.075,180.075,180.075,180.075,100.0,1.0,180.075
2025-11-19 20:17:00+00:00,180.18,180.18,180.18,180.18,100.0,1.0,180.18
2025-11-19 20:31:00+00:00,180.26,180.26,180.26,180.26,100.0,1.0,180.26
2025-11-19 20:40:00+00:00,180.34,180.34,180.34,180.34,100.0,1.0,180.34
2025-11-19 20:51:00+00:00,180.15,180.15,180.15,180.15,100.0,1.0,180.15
2025-11-20 14:32:00+00:00,182.75,182.78,182.56,182.56,1024.0,7.0,182.672793
2025-11-20 14:35:00+00:00,182.56,182.56,182.56,182.56,100.0,1.0,182.56
2025-11-20 14:40:00+00:00,182.68,182.68,182.68,182.68,100.0,1.0,182.68
2025-11-20 14:41:00+00:00,182.59,182.59,182.59,182.59,200.0,2.0,182.59
2025-11-20 14:42:00+00:00,182.54,182.54,182.54,182.54,100.0,1.0,182.54
2025-11-20 14:50:00+00:00,182.85,182.85,182.8,182.8,305.0,4.0,182.833333
2025-11-20 15:09:00+00:00,182.61,182.61,182.61,182.61,100.0,1.0,182.61
2025-11-20 15:14:00+00:00,182.62,182.62,182.62,182.62,100.0,1.0,182.62
2025-11-20 15:21:00+00:00,182.73,182.73,182.73,182.73,100.0,1.0,182.73
2025-11-20 15:22:00+00:00,182.75,182.75,182.745,182.745,325.0,3.0,182.748462
2025-11-20 15:24:00+00:00,182.82,182.82,182.82,182.82,130.0,2.0,182.82
2025-11-20 15:26:00+00:00,182.77,182.77,182.77,182.77,125.0,1.0,182.77
2025-11-20 15:38:00+00:00,182.87,182.87,182.87,182.87,125.0,1.0,182.87
2025-11-20 16:07:00+00:00,182.04,182.04,182.04,182.04,100.0,1.0,182.04
2025-11-20 16:15:00+00:00,181.495,181.495,181.495,181.495,600.0,5.0,181.495
2025-11-20 16:21:00+00:00,181.29,181.29,181.29,181.29,125.0,1.0,181.29
2025-11-20 16:47:00+00:00,180.06,180.06,180.06,180.06,100.0,1.0,180.06
2025-11-20 17:00:00+00:00,179.395,179.395,179.37,179.37,200.0,2.0,179.3825
2025-11-20 17:36:00+00:00,178.09,178.09,178.09,178.09,125.0,1.0,178.09
2025-11-20 18:45:00+00:00,178.15,178.15,178.15,178.15,100.0,1.0,178.15
2025-11-20 18:47:00+00:00,178.07,178.07,178.07,178.07,120.0,1.0,178.07
2025-11-20 18:48:00+00:00,178.07,178.08,178.07,178.08,375.0,3.0,178.076667
2025-11-20 19:32:00+00:00,178.07,178.07,178.07,178.07,100.0,1.0,178.07
2025-11-20 19:46:00+00:00,178.15,178.15,178.15,178.15,125.0,1.0,178.15
2025-11-20 20:10:00+00:00,178.23,178.23,178.23,178.23,100.0,1.0,178.23
2025-11-20 20:15:00+00:00,178.37,178.37,178.37,178.37,100.0,1.0,178.37
2025-11-20 20:16:00+00:00,178.43,178.43,178.43,178.43,145.0,2.0,178.43
2025-11-20 20:23:00+00:00,178.5,178.5,178.5,178.5,100.0,1.0,178.5
2025-11-20 20:30:00+00:00,178.27,178.27,178.27,178.27,100.0,1.0,178.27
2025-11-20 20:38:00+00:00,177.66,177.66,177.66,177.66,100.0,1.0,177.66
2025-11-20 20:50:00+00:00,177.38,177.6,177.375,177.6,500.0,5.0,177.423
2025-11-20 20:55:00+00:00,177.625,177.625,177.625,177.625,105.0,2.0,177.625
2025-11-20 20:57:00+00:00,177.31,177.31,177.31,177.31,120.0,2.0,177.31
2025-11-20 20:59:00+00:00,177.36,177.375,177.27,177.27,300.0,3.0,177.335
2025-11-21 14:32:00+00:00,178.34,178.34,178.34,178.34,225.0,2.0,178.34
2025-11-21 14:33:00+00:00,178.2,178.2,178.2,178.2,100.0,1.0,178.2
2025-11-21 15:56:00+00:00,177.9,177.9,177.9,177.9,100.0,1.0,177.9
2025-11-21 15:57:00+00:00,177.88,177.88,177.84,177.84,200.0,2.0,177.86
2025-11-21 15:58:00+00:00,177.755,177.865,177.755,177.865,300.0,2.0,177.828333
2025-11-21 15:59:00+00:00,177.74,177.74,177.7,177.7,200.0,2.0,177.72
2025-11-21 16:20:00+00:00,177.5,177.5,177.5,177.5,200.0,2.0,177.5
2025-11-21 16:22:00+00:00,177.99,177.99,177.99,177.99,300.0,2.0,177.99
2025-11-21 16:36:00+00:00,178.62,178.62,178.62,178.62,150.0,1.0,178.62
2025-11-21 16:40:00+00:00,178.6,178.685,178.6,178.685,650.0,5.0,178.651923
2025-11-21 17:03:00+00:00,179.39,179.41,179.39,179.41,600.0,5.0,179.404167
2025-11-21 17:04:00+00:00,179.46,179.46,179.46,179.46,100.0,1.0,179.46
2025-11-21 17:06:00+00:00,179.44,179.45,179.43,179.44,722.0,7.0,179.441806
2025-11-21 17:08:00+00:00,179.575,179.59,179.575,179.585,423.0,5.0,179.580983
2025-11-21 17:20:00+00:00,179.33,179.33,179.33,179.33,100.0,1.0,179.33
2025-11-21 17:25:00+00:00,179.575,179.575,179.575,179.575,199.0,2.0,179.575
2025-11-21 17:27:00+00:00,179.435,179.435,179.435,179.435,130.0,1.0,179.435
2025-11-21 17:33:00+00:00,179.65,179.65,179.65,179.65,150.0,1.0,179.65
2025-11-21 17:36:00+00:00,179.675,179.675,179.675,179.675,100.0,1.0,179.675
2025-11-21 17:39:00+00:00,179.57,179.57,179.56,179.56,204.0,3.0,179.565
2025-11-21 17:49:00+00:00,179.68,179.68,179.68,179.68,150.0,1.0,179.68
2025-11-21 17:57:00+00:00,179.4,179.4,179.4,179.4,400.0,3.0,179.4
2025-11-21 18:15:00+00:00,178.77,178.77,178.73,178.73,300.0,2.0,178.75
2025-11-21 18:28:00+00:00,178.835,178.87,178.835,178.87,1001.0,10.0,178.8425
2025-11-21 18:29:00+00:00,178.885,178.89,178.885,178.89,405.0,3.0,178.888704
2025-11-21 18:30:00+00:00,179.11,179.11,179.11,179.11,151.0,2.0,179.11
2025-11-21 18:31:00+00:00,179.14,179.14,179.14,179.14,125.0,2.0,179.14
2025-11-21 18:32:00+00:00,179.22,179.27,179.22,179.27,250.0,2.0,179.25
2025-11-21 18:45:00+00:00,179.59,179.59,179.59,179.59,100.0,1.0,179.59
2025-11-21 18:48:00+00:00,179.84,179.84,179.84,179.84,200.0,2.0,179.84
2025-11-21 18:49:00+00:00,180.2,180.2,180.2,180.2,150.0,1.0,180.2
2025-11-21 19:36:00+00:00,180.31,180.31,180.31,180.31,150.0,1.0,180.31
2025-11-21 19:38:00+00:00,180.325,180.34,180.31,180.34,300.0,3.0,180.325
2025-11-21 19:40:00+00:00,180.385,180.385,180.385,180.385,146.0,3.0,180.385
2025-11-21 19:41:00+00:00,180.245,180.245,180.19,180.19,427.0,4.0,180.22125
2025-11-21 19:48:00+00:00,180.03,180.03,180.03,180.03,100.0,1.0,180.03
2025-11-21 19:57:00+00:00,179.7,179.71,179.695,179.71,1600.0,7.0,179.7
2025-11-21 19:58:00+00:00,179.71,179.71,179.71,179.71,102.0,2.0,179.71
2025-11-21 20:11:00+00:00,179.8,179.81,179.8,179.81,200.0,2.0,179.805
2025-11-21 20:14:00+00:00,179.8,179.83,179.75,179.82,474.0,4.0,179.802785
2025-11-21 20:15:00+00:00,179.83,179.83,179.83,179.83,106.0,3.0,179.83
2025-11-21 20:21:00+00:00,179.805,179.805,179.805,179.805,101.0,2.0,179.805
2025-11-21 20:26:00+00:00,179.625,179.65,179.625,179.65,220.0,2.0,179.638636
2025-11-21 20:34:00+00:00,179.445,179.445,179.445,179.445,102.0,2.0,179.445
2025-11-21 20:36:00+00:00,179.68,179.7,179.68,179.69,822.0,10.0,179.688537
2025-11-21 20:49:00+00:00,179.685,179.7,179.685,179.7,270.0,3.0,179.693182
2025-11-21 20:50:00+00:00,179.52,179.52,179.52,179.52,231.0,2.0,179.52
2025-11-21 20:53:00+00:00,179.4,179.405,179.4,179.405,240.0,2.0,179.4025
2025-11-21 20:55:00+00:00,179.13,179.18,179.13,179.18,800.0,8.0,179.158571
2025-11-21 20:56:00+00:00,179.21,179.22,179.15,179.21,611.0,8.0,179.198333
2025-11-21 20:57:00+00:00,179.165,179.215,179.15,179.155,1101.0,12.0,179.187273
2025-11-21 20:58:00+00:00,179.15,179.185,179.115,179.16,2754.0,28.0,179.153019
2025-11-21 20:59:00+00:00,179.155,179.22,179.15,179.185,1201.0,14.0,179.169545
2025-11-24 15:11:00+00:00,180.305,180.305,180.305,180.305,450.0,3.0,180.305
2025-11-24 15:12:00+00:00,180.37,180.37,180.37,180.37,270.0,2.0,180.37
2025-11-24 15:13:00+00:00,180.475,180.475,180.475,180.475,101.0,2.0,180.475
2025-11-24 15:25:00+00:00,180.43,180.43,180.43,180.43,100.0,1.0,180.43
2025-11-24 15:27:00+00:00,180.52,180.52,180.52,180.52,100.0,1.0,180.52
2025-11-24 16:05:00+00:00,181.11,181.11,181.11,181.11,100.0,1.0,181.11
2025-11-24 16:06:00+00:00,181.12,181.12,181.12,181.12,400.0,2.0,181.12
2025-11-24 16:07:00+00:00,181.12,181.12,181.12,181.12,100.0,1.0,181.12
2025-11-24 16:09:00+00:00,181.17,181.17,181.17,181.17,500.0,2.0,181.17
2025-11-24 16:12:00+00:00,181.225,181.225,181.225,181.225,130.0,2.0,181.225
2025-11-24 16:16:00+00:00,181.205,181.205,181.205,181.205,510.0,5.0,181.205
2025-11-24 16:21:00+00:00,181.185,181.185,181.185,181.185,480.0,4.0,181.185
2025-11-24 16:27:00+00:00,181.14,181.14,181.14,181.14,402.0,4.0,181.14
2025-11-24 16:28:00+00:00,181.195,181.195,181.195,181.195,400.0,4.0,181.195
2025-11-24 17:15:00+00:00,180.82,180.83,180.82,180.83,230.0,4.0,180.825
2025-11-24 17:39:00+00:00,181.17,181.17,181.17,181.17,200.0,1.0,181.17
2025-11-24 17:44:00+00:00,181.21,181.21,181.21,181.21,100.0,1.0,181.21
2025-11-24 18:00:00+00:00,181.32,181.32,181.32,181.32,112.0,4.0,181.32
2025-11-24 18:24:00+00:00,181.45,181.45,181.45,181.45,200.0,2.0,181.45
2025-11-24 19:02:00+00:00,181.51,181.51,181.51,181.51,150.0,2.0,181.51
2025-11-24 19:42:00+00:00,181.25,181.25,181.25,181.25,100.0,1.0,181.25
2025-11-24 19:45:00+00:00,181.19,181.19,181.19,181.19,100.0,1.0,181.19
2025-11-24 19:46:00+00:00,181.165,181.165,181.165,181.165,101.0,2.0,181.165
2025-11-24 19:54:00+00:00,181.13,181.13,181.13,181.13,100.0,1.0,181.13
2025-11-24 19:57:00+00:00,181.165,181.165,181.165,181.165,118.0,1.0,181.165
2025-11-24 20:00:00+00:00,181.15,181.15,181.15,181.15,150.0,2.0,181.15
2025-11-24 20:02:00+00:00,181.265,181.265,181.265,181.265,105.0,1.0,181.265
2025-11-24 20:17:00+00:00,181.43,181.43,181.43,181.43,410.0,2.0,181.43
2025-11-24 20:18:00+00:00,181.39,181.405,181.39,181.405,357.0,5.0,181.400313
2025-11-24 20:21:00+00:00,181.37,181.37,181.37,181.37,402.0,2.0,181.37
2025-11-24 20:23:00+00:00,181.32,181.32,181.32,181.32,436.0,2.0,181.32
2025-11-24 20:24:00+00:00,181.3,181.3,181.3,181.3,900.0,5.0,181.3
2025-11-24 20:31:00+00:00,181.28,181.28,181.28,181.28,203.0,3.0,181.28
2025-11-24 20:33:00+00:00,181.33,181.33,181.33,181.33,300.0,2.0,181.33
2025-11-24 20:35:00+00:00,181.34,181.34,181.33,181.33,434.0,2.0,181.337696
2025-11-24 20:37:00+00:00,181.38,181.38,181.38,181.38,500.0,3.0,181.38
2025-11-24 20:38:00+00:00,181.38,181.38,181.38,181.38,300.0,1.0,181.38
2025-11-24 20:39:00+00:00,181.36,181.36,181.36,181.36,210.0,3.0,181.36
2025-11-24 20:40:00+00:00,181.36,181.36,181.36,181.36,100.0,1.0,181.36
2025-11-24 20:44:00+00:00,181.39,181.39,181.39,181.39,989.0,4.0,181.39
2025-11-24 20:45:00+00:00,181.42,181.42,181.42,181.42,100.0,1.0,181.42
2025-11-24 20:53:00+00:00,181.35,181.4,181.35,181.4,1031.0,4.0,181.39515
2025-11-24 20:54:00+00:00,181.515,181.515,181.515,181.515,600.0,3.0,181.515
2025-11-24 20:56:00+00:00,181.46,181.46,181.46,181.46,100.0,1.0,181.46
2025-11-24 20:58:00+00:00,181.33,181.33,181.33,181.33,121.0,3.0,181.33
2025-11-24 20:59:00+00:00,181.3,181.36,181.3,181.35,1335.0,10.0,181.322262
2025-11-25 14:33:00+00:00,181.7,181.7,181.7,181.7,101.0,2.0,181.7
2025-11-25 14:36:00+00:00,181.81,181.81,181.81,181.81,148.0,3.0,181.81
2025-11-25 14:37:00+00:00,181.8,181.8,181.8,181.8,100.0,1.0,181.8
2025-11-25 14:38:00+00:00,181.775,181.775,181.76,181.76,345.0,4.0,181.769462
2025-11-25 14:39:00+00:00,181.755,181.755,181.755,181.755,100.0,1.0,181.755
2025-11-25 14:41:00+00:00,181.55,181.55,181.55,181.55,113.0,1.0,181.55
2025-11-25 14:42:00+00:00,181.51,181.53,181.51,181.53,545.0,4.0,181.520826
2025-11-25 14:43:00+00:00,181.21,181.21,181.21,181.21,100.0,1.0,181.21
2025-11-25 14:44:00+00:00,181.19,181.24,181.19,181.24,350.0,4.0,181.21
2025-11-25 14:47:00+00:00,180.99,180.99,180.99,180.99,200.0,2.0,180.99
2025-11-25 14:50:00+00:00,180.52,180.52,180.52,180.52,100.0,1.0,180.52
2025-11-25 14:52:00+00:00,181.06,181.06,181.06,181.06,100.0,1.0,181.06
2025-11-25 15:00:00+00:00,181.595,181.595,181.595,181.595,100.0,1.0,181.595
2025-11-25 15:01:00+00:00,181.53,181.53,181.53,181.53,100.0,1.0,181.53
2025-11-25 15:02:00+00:00,181.265,181.265,181.265,181.265,100.0,1.0,181.265
2025-11-25 15:04:00+00:00,181.03,181.03,181.03,181.03,100.0,1.0,181.03
2025-11-25 15:08:00+00:00,181.51,181.51,181.51,181.51,200.0,2.0,181.51
2025-11-25 15:10:00+00:00,181.56,181.56,181.56,181.56,200.0,2.0,181.56
2025-11-25 15:11:00+00:00,181.38,181.38,181.38,181.38,150.0,1.0,181.38
2025-11-25 15:20:00+00:00,181.445,181.445,181.445,181.445,100.0,1.0,181.445
2025-11-25 15:24:00+00:00,181.29,181.29,181.29,181.29,200.0,2.0,181.29
2025-11-25 15:26:00+00:00,181.43,181.43,181.43,181.43,200.0,2.0,181.43
2025-11-25 15:27:00+00:00,181.29,181.29,181.29,181.29,400.0,1.0,181.29
2025-11-25 15:31:00+00:00,181.76,181.77,181.76,181.77,200.0,2.0,181.765
2025-11-25 15:34:00+00:00,181.85,181.85,181.85,181.85,100.0,1.0,181.85
2025-11-25 15:35:00+00:00,181.86,181.86,181.86,181.86,200.0,2.0,181.86
2025-11-25 15:42:00+00:00,181.84,181.84,181.84,181.84,100.0,1.0,181.84
2025-11-25 15:46:00+00:00,182.155,182.155,182.15,182.15,200.0,2.0,182.1525
2025-11-25 15:47:00+00:00,182.14,182.14,182.14,182.14,200.0,2.0,182.14
2025-11-25 15:50:00+00:00,181.83,181.83,181.83,181.83,120.0,2.0,181.83
2025-11-25 15:52:00+00:00,181.74,181.74,181.74,181.74,100.0,1.0,181.74
2025-11-25 15:56:00+00:00,181.67,181.67,181.67,181.67,100.0,1.0,181.67
2025-11-25 15:59:00+00:00,181.88,181.88,181.88,181.88,100.0,1.0,181.88
2025-11-25 16:01:00+00:00,181.89,181.89,181.89,181.89,200.0,2.0,181.89
2025-11-25 16:05:00+00:00,181.81,181.81,181.81,181.81,100.0,1.0,181.81
2025-11-25 16:07:00+00:00,181.83,181.89,181.83,181.89,200.0,2.0,181.86
2025-11-25 16:09:00+00:00,181.84,181.84,181.84,181.84,100.0,1.0,181.84
2025-11-25 16:10:00+00:00,181.81,181.81,181.81,181.81,100.0,1.0,181.81
2025-11-25 16:13:00+00:00,181.86,181.86,181.86,181.86,100.0,1.0,181.86
2025-11-25 16:15:00+00:00,181.745,181.745,181.745,181.745,100.0,1.0,181.745
2025-11-25 16:21:00+00:00,182.14,182.14,182.14,182.14,100.0,1.0,182.14
2025-11-25 16:25:00+00:00,181.99,181.99,181.99,181.99,100.0,1.0,181.99
2025-11-25 16:28:00+00:00,182.05,182.05,182.035,182.035,200.0,2.0,182.0425
2025-11-25 16:30:00+00:00,182.03,182.08,182.03,182.08,500.0,2.0,182.04
2025-11-25 16:32:00+00:00,182.04,182.04,182.04,182.04,100.0,1.0,182.04
2025-11-25 16:33:00+00:00,182.09,182.09,182.09,182.09,100.0,1.0,182.09
2025-11-25 16:35:00+00:00,182.05,182.05,182.05,182.05,696.0,2.0,182.05
2025-11-25 16:37:00+00:00,182.075,182.075,182.075,182.075,141.0,3.0,182.075
2025-11-25 16:38:00+00:00,182.11,182.11,182.11,182.11,100.0,1.0,182.11
2025-11-25 16:41:00+00:00,182.135,182.2,182.115,182.2,550.0,7.0,182.14125
2025-11-25 16:43:00+00:00,182.22,182.22,182.22,182.22,100.0,1.0,182.22
2025-11-25 16:47:00+00:00,182.095,182.095,182.095,182.095,100.0,1.0,182.095
2025-11-25 16:48:00+00:00,182.085,182.085,182.085,182.085,100.0,1.0,182.085
2025-11-25 16:50:00+00:00,182.11,182.11,182.11,182.11,100.0,1.0,182.11
2025-11-25 16:51:00+00:00,182.2,182.2,182.2,182.2,100.0,1.0,182.2
2025-11-25 16:53:00+00:00,182.3,182.3,182.275,182.275,200.0,2.0,182.2875
2025-11-25 17:04:00+00:00,182.455,182.455,182.455,182.455,100.0,1.0,182.455
2025-11-25 17:06:00+00:00,182.5,182.52,182.5,182.52,200.0,2.0,182.51
2025-11-25 17:12:00+00:00,182.56,182.56,182.56,182.56,100.0,1.0,182.56
2025-11-25 17:18:00+00:00,182.58,182.58,182.58,182.58,100.0,1.0,182.58
2025-11-25 17:35:00+00:00,182.92,182.92,182.92,182.92,100.0,1.0,182.92
2025-11-25 17:40:00+00:00,182.92,182.92,182.92,182.92,100.0,1.0,182.92
2025-11-25 17:42:00+00:00,182.92,182.92,182.92,182.92,100.0,1.0,182.92
2025-11-25 17:44:00+00:00,182.88,182.88,182.88,182.88,200.0,2.0,182.88
2025-11-25 17:49:00+00:00,182.86,182.86,182.86,182.86,101.0,1.0,182.86
2025-11-25 17:50:00+00:00,182.86,182.86,182.86,182.86,100.0,1.0,182.86
2025-11-25 17:53:00+00:00,182.875,182.875,182.875,182.875,100.0,1.0,182.875
2025-11-25 17:58:00+00:00,182.83,182.83,182.83,182.83,100.0,1.0,182.83
2025-11-25 18:09:00+00:00,182.835,182.835,182.835,182.835,100.0,1.0,182.835
2025-11-25 18:11:00+00:00,182.795,182.795,182.795,182.795,100.0,1.0,182.795
2025-11-25 18:14:00+00:00,182.84,182.84,182.84,182.84,100.0,1.0,182.84
2025-11-25 18:19:00+00:00,182.825,182.825,182.825,182.825,100.0,1.0,182.825
2025-11-25 18:22:00+00:00,182.83,182.83,182.83,182.83,200.0,2.0,182.83
2025-11-25 18:27:00+00:00,182.905,182.905,182.905,182.905,100.0,1.0,182.905
2025-11-25 18:32:00+00:00,182.93,182.93,182.93,182.93,100.0,1.0,182.93
2025-11-25 18:42:00+00:00,182.86,182.86,182.86,182.86,200.0,2.0,182.86
2025-11-25 18:43:00+00:00,182.835,182.835,182.835,182.835,101.0,2.0,182.835
2025-11-25 18:44:00+00:00,182.82,182.82,182.82,182.82,100.0,1.0,182.82
2025-11-25 18:45:00+00:00,182.87,182.87,182.87,182.87,100.0,1.0,182.87
2025-11-25 18:46:00+00:00,182.85,182.85,182.85,182.85,100.0,1.0,182.85
2025-11-25 18:49:00+00:00,182.97,182.97,182.97,182.97,101.0,2.0,182.97
2025-11-25 18:51:00+00:00,182.91,182.91,182.91,182.91,100.0,1.0,182.91
2025-11-25 18:54:00+00:00,182.9,182.9,182.9,182.9,1200.0,1.0,182.9
2025-11-25 18:55:00+00:00,182.89,182.89,182.845,182.845,200.0,2.0,182.8675
2025-11-25 18:56:00+00:00,182.855,182.855,182.855,182.855,100.0,1.0,182.855
2025-11-25 18:57:00+00:00,182.815,182.815,182.815,182.815,100.0,1.0,182.815
2025-11-25 18:58:00+00:00,182.85,182.85,182.85,182.85,100.0,1.0,182.85
2025-11-25 19:02:00+00:00,182.845,182.845,182.845,182.845,100.0,1.0,182.845
2025-11-25 19:04:00+00:00,182.74,182.74,182.74,182.74,100.0,1.0,182.74
2025-11-25 19:07:00+00:00,182.785,182.785,182.785,182.785,100.0,1.0,182.785
2025-11-25 19:08:00+00:00,182.785,182.785,182.785,182.785,100.0,1.0,182.785
2025-11-25 19:09:00+00:00,182.755,182.755,182.755,182.755,100.0,1.0,182.755
2025-11-25 19:10:00+00:00,182.735,182.735,182.735,182.735,100.0,1.0,182.735
2025-11-25 19:11:00+00:00,182.745,182.75,182.745,182.75,2614.0,7.0,182.749231
2025-11-25 19:12:00+00:00,182.745,182.745,182.745,182.745,100.0,1.0,182.745
2025-11-25 19:15:00+00:00,182.74,182.74,182.74,182.74,100.0,1.0,182.74
2025-11-25 19:16:00+00:00,182.74,182.74,182.74,182.74,100.0,1.0,182.74
2025-11-25 19:17:00+00:00,182.7,182.7,182.7,182.7,100.0,1.0,182.7
2025-11-25 19:20:00+00:00,182.58,182.58,182.58,182.58,100.0,1.0,182.58
2025-11-25 19:28:00+00:00,182.67,182.67,182.67,182.67,209.0,3.0,182.67
2025-11-25 19:29:00+00:00,182.725,182.725,182.725,182.725,160.0,2.0,182.725
2025-11-25 19:31:00+00:00,182.72,182.72,182.69,182.69,552.0,4.0,182.711818
2025-11-25 19:40:00+00:00,182.63,182.65,182.63,182.63,300.0,3.0,182.636667
2025-11-25 19:53:00+00:00,182.89,182.89,182.89,182.89,161.0,6.0,182.89
2025-11-25 19:55:00+00:00,182.855,182.855,182.855,182.855,200.0,2.0,182.855
2025-11-25 20:07:00+00:00,183.07,183.07,183.07,183.07,100.0,1.0,183.07
2025-11-25 20:09:00+00:00,183.1,183.1,183.07,183.07,300.0,3.0,183.086364
2025-11-25 20:25:00+00:00,183.085,183.085,183.085,183.085,134.0,2.0,183.085
2025-11-25 20:29:00+00:00,183.07,183.07,183.02,183.02,201.0,3.0,183.045
2025-11-25 20:36:00+00:00,183.2,183.2,183.2,183.2,201.0,3.0,183.2
2025-11-25 20:43:00+00:00,183.195,183.195,183.195,183.195,1200.0,2.0,183.195
2025-11-25 20:49:00+00:00,183.26,183.26,183.26,183.26,100.0,1.0,183.26
2025-11-25 20:52:00+00:00,183.35,183.36,183.35,183.36,300.0,2.0,183.353333
2025-11-25 20:53:00+00:00,183.4,183.4,183.4,183.4,100.0,1.0,183.4
2025-11-25 20:54:00+00:00,183.4,183.4,183.31,183.31,618.0,7.0,183.343333
2025-11-25 20:55:00+00:00,183.33,183.33,183.33,183.33,300.0,1.0,183.33
2025-11-25 20:57:00+00:00,183.3,183.3,183.3,183.3,219.0,5.0,183.3
2025-11-25 20:58:00+00:00,183.24,183.24,183.205,183.205,752.0,3.0,183.229282
2025-11-25 20:59:00+00:00,183.26,183.26,183.19,183.19,1202.0,10.0,183.227946
2025-11-26 14:37:00+00:00,184.21,184.21,184.21,184.21,300.0,3.0,184.21
2025-11-26 14:39:00+00:00,184.11,184.18,184.11,184.12,1148.0,10.0,184.145455
2025-11-26 14:42:00+00:00,184.31,184.31,184.31,184.31,100.0,1.0,184.31
2025-11-26 14:45:00+00:00,184.41,184.41,184.41,184.41,300.0,3.0,184.41
2025-11-26 14:46:00+00:00,184.3,184.3,184.3,184.3,100.0,1.0,184.3
2025-11-26 14:47:00+00:00,184.35,184.35,184.35,184.35,300.0,3.0,184.35
2025-11-26 14:48:00+00:00,184.395,184.395,184.395,184.395,100.0,1.0,184.395
2025-11-26 14:49:00+00:00,184.4,184.4,184.4,184.4,100.0,1.0,184.4
2025-11-26 14:50:00+00:00,184.43,184.43,184.43,184.43,100.0,1.0,184.43
2025-11-26 14:51:00+00:00,184.42,184.42,184.42,184.42,100.0,1.0,184.42
2025-11-26 14:56:00+00:00,184.1,184.1,184.05,184.05,200.0,2.0,184.075
2025-11-26 14:57:00+00:00,184.095,184.095,184.095,184.095,100.0,1.0,184.095
2025-11-26 14:59:00+00:00,183.915,183.915,183.915,183.915,200.0,2.0,183.915
2025-11-26 15:00:00+00:00,183.87,183.87,183.87,183.87,100.0,1.0,183.87
2025-11-26 15:01:00+00:00,183.905,183.905,183.905,183.905,100.0,1.0,183.905
2025-11-26 15:07:00+00:00,183.97,183.97,183.97,183.97,100.0,1.0,183.97
2025-11-26 15:21:00+00:00,184.15,184.15,184.15,184.15,100.0,1.0,184.15
2025-11-26 15:56:00+00:00,184.39,184.39,184.39,184.39,100.0,1.0,184.39
2025-11-26 16:01:00+00:00,184.6,184.6,184.6,184.6,100.0,1.0,184.6
2025-11-26 16:10:00+00:00,184.7,184.7,184.7,184.7,100.0,1.0,184.7
2025-11-26 16:33:00+00:00,184.82,184.82,184.82,184.82,100.0,1.0,184.82
2025-11-26 16:41:00+00:00,185.0,185.0,185.0,185.0,100.0,1.0,185.0
2025-11-26 16:45:00+00:00,185.04,185.04,185.04,185.04,100.0,1.0,185.04
2025-11-26 16:49:00+00:00,184.96,184.96,184.96,184.96,100.0,1.0,184.96
2025-11-26 16:50:00+00:00,184.925,184.925,184.925,184.925,163.0,1.0,184.925
2025-11-26 17:01:00+00:00,185.01,185.01,185.01,185.01,100.0,1.0,185.01
2025-11-26 17:02:00+00:00,184.99,184.99,184.99,184.99,150.0,2.0,184.99
2025-11-26 17:10:00+00:00,184.89,184.89,184.89,184.89,100.0,1.0,184.89
2025-11-26 17:16:00+00:00,184.87,184.87,184.87,184.87,100.0,1.0,184.87
2025-11-26 17:17:00+00:00,184.805,184.805,184.805,184.805,130.0,2.0,184.805
2025-11-26 18:17:00+00:00,184.86,184.86,184.86,184.86,100.0,1.0,184.86
2025-11-26 18:28:00+00:00,185.07,185.07,185.07,185.07,178.0,3.0,185.07
2025-11-26 18:45:00+00:00,184.64,184.64,184.64,184.64,430.0,8.0,184.64
2025-11-26 18:53:00+00:00,184.78,184.78,184.78,184.78,100.0,1.0,184.78
2025-11-26 19:17:00+00:00,184.94,184.94,184.94,184.94,100.0,1.0,184.94
2025-11-26 19:42:00+00:00,184.95,185.0,184.95,185.0,2200.0,6.0,184.974953
2025-11-26 19:43:00+00:00,184.98,184.98,184.95,184.95,600.0,4.0,184.961538
2025-11-26 19:44:00+00:00,184.92,184.92,184.92,184.92,200.0,3.0,184.92
2025-11-26 19:48:00+00:00,184.93,184.93,184.93,184.93,200.0,3.0,184.93
2025-11-26 19:50:00+00:00,184.91,184.91,184.91,184.91,200.0,1.0,184.91
2025-11-26 19:51:00+00:00,184.89,184.89,184.89,184.89,100.0,1.0,184.89
2025-11-26 19:53:00+00:00,184.915,184.915,184.915,184.915,381.0,1.0,184.915
2025-11-26 19:54:00+00:00,184.95,184.96,184.95,184.96,400.0,4.0,184.956231
2025-11-26 19:58:00+00:00,184.94,184.94,184.94,184.94,200.0,1.0,184.94
2025-11-26 19:59:00+00:00,184.92,184.92,184.92,184.92,100.0,1.0,184.92
2025-11-26 20:15:00+00:00,185.07,185.07,185.07,185.07,200.0,1.0,185.07
2025-11-26 20:19:00+00:00,185.06,185.06,185.03,185.03,263.0,2.0,185.041407
2025-11-26 20:25:00+00:00,185.05,185.05,185.05,185.05,147.0,1.0,185.05
2025-11-26 20:38:00+00:00,185.0,185.0,185.0,185.0,100.0,1.0,185.0
2025-11-26 20:48:00+00:00,184.94,184.94,184.94,184.94,100.0,1.0,184.94
2025-11-26 20:53:00+00:00,184.85,184.85,184.85,184.85,300.0,2.0,184.85
2025-11-26 20:58:00+00:00,184.82,184.82,184.75,184.75,200.0,2.0,184.785
2025-11-26 20:59:00+00:00,184.82,184.82,184.81,184.81,206.0,3.0,184.815
2025-11-28 14:36:00+00:00,185.06,185.07,185.06,185.07,789.0,9.0,185.066764
2025-11-28 14:37:00+00:00,185.07,185.07,185.07,185.07,200.0,1.0,185.07
2025-11-28 14:38:00+00:00,185.01,185.01,185.005,185.005,416.0,6.0,185.008195
2025-11-28 14:51:00+00:00,185.0,185.0,185.0,185.0,100.0,1.0,185.0
2025-11-28 14:53:00+00:00,185.065,185.065,185.065,185.065,300.0,2.0,185.065
2025-11-28 14:59:00+00:00,185.095,185.095,185.095,185.095,100.0,1.0,185.095
2025-11-28 15:00:00+00:00,185.09,185.09,185.09,185.09,405.0,2.0,185.09
2025-11-28 15:18:00+00:00,185.225,185.225,185.225,185.225,100.0,1.0,185.225
2025-11-28 15:33:00+00:00,185.275,185.275,185.275,185.275,128.0,2.0,185.275
2025-11-28 15:38:00+00:00,185.295,185.295,185.295,185.295,120.0,1.0,185.295
2025-11-28 16:12:00+00:00,185.61,185.61,185.61,185.61,507.0,4.0,185.61
2025-11-28 16:23:00+00:00,185.35,185.35,185.35,185.35,103.0,2.0,185.35
2025-11-28 16:30:00+00:00,185.32,185.32,185.27,185.27,735.0,8.0,185.292353
2025-11-28 16:58:00+00:00,185.53,185.53,185.53,185.53,118.0,2.0,185.53
2025-11-28 17:19:00+00:00,185.465,185.465,185.465,185.465,100.0,1.0,185.465
2025-11-28 17:28:00+00:00,185.41,185.41,185.41,185.41,100.0,1.0,185.41
2025-11-28 17:55:00+00:00,185.56,185.56,185.56,185.56,125.0,2.0,185.56
2025-11-28 17:59:00+00:00,185.725,185.725,185.625,185.625,200.0,2.0,185.675
2025-12-01 14:45:00+00:00,184.67,184.67,184.67,184.67,120.0,1.0,184.67
2025-12-01 14:47:00+00:00,184.88,184.88,184.88,184.88,100.0,1.0,184.88
2025-12-01 14:48:00+00:00,184.97,184.97,184.97,184.97,100.0,1.0,184.97
2025-12-01 14:50:00+00:00,185.02,185.02,185.02,185.02,100.0,1.0,185.02
2025-12-01 14:51:00+00:00,185.05,185.05,185.05,185.05,200.0,1.0,185.05
2025-12-01 14:58:00+00:00,185.22,185.22,185.17,185.17,200.0,2.0,185.195
2025-12-01 15:12:00+00:00,185.13,185.15,185.13,185.15,200.0,2.0,185.14
2025-12-01 15:23:00+00:00,184.91,184.92,184.91,184.91,323.0,4.0,184.913125
2025-12-01 15:44:00+00:00,184.81,184.81,184.81,184.81,201.0,2.0,184.81
2025-12-01 16:00:00+00:00,185.195,185.195,185.195,185.195,100.0,1.0,185.195
2025-12-01 16:01:00+00:00,185.19,185.19,185.19,185.19,213.0,1.0,185.19
2025-12-01 16:11:00+00:00,185.05,185.05,185.03,185.03,200.0,2.0,185.04
2025-12-01 16:14:00+00:00,184.98,184.98,184.98,184.98,102.0,3.0,184.98
2025-12-01 16:23:00+00:00,185.05,185.05,185.05,185.05,200.0,1.0,185.05
2025-12-01 17:13:00+00:00,185.37,185.37,185.37,185.37,201.0,2.0,185.37
2025-12-01 17:15:00+00:00,185.29,185.29,185.27,185.27,200.0,2.0,185.28
2025-12-01 17:47:00+00:00,185.43,185.43,185.43,185.43,202.0,5.0,185.43
2025-12-01 18:33:00+00:00,185.45,185.45,185.45,185.45,100.0,1.0,185.45
2025-12-01 18:44:00+00:00,185.51,185.51,185.51,185.51,102.0,3.0,185.51
2025-12-01 18:49:00+00:00,185.485,185.485,185.485,185.485,120.0,2.0,185.485
2025-12-01 19:00:00+00:00,185.48,185.48,185.48,185.48,200.0,1.0,185.48
2025-12-01 19:04:00+00:00,185.38,185.38,185.38,185.38,150.0,3.0,185.38
2025-12-01 19:10:00+00:00,185.28,185.28,185.28,185.28,411.0,5.0,185.28
2025-12-01 19:16:00+00:00,185.21,185.21,185.21,185.21,100.0,1.0,185.21
2025-12-01 19:21:00+00:00,185.08,185.085,185.06,185.085,421.0,5.0,185.076429
2025-12-01 19:41:00+00:00,184.94,184.94,184.94,184.94,100.0,1.0,184.94
2025-12-01 20:10:00+00:00,184.88,184.88,184.88,184.88,102.0,3.0,184.88
2025-12-01 20:15:00+00:00,184.96,184.96,184.96,184.96,101.0,2.0,184.96
2025-12-01 20:27:00+00:00,184.9,184.9,184.9,184.9,122.0,3.0,184.9
2025-12-01 20:32:00+00:00,184.81,184.81,184.81,184.81,100.0,1.0,184.81
2025-12-01 20:35:00+00:00,184.86,184.86,184.85,184.85,200.0,2.0,184.855
2025-12-01 20:39:00+00:00,184.97,184.97,184.97,184.97,100.0,1.0,184.97
2025-12-01 20:40:00+00:00,185.01,185.01,184.91,184.91,780.0,7.0,184.956377
2025-12-01 20:55:00+00:00,184.665,184.665,184.665,184.665,127.0,2.0,184.665
2025-12-01 20:56:00+00:00,184.67,184.67,184.67,184.67,100.0,1.0,184.67
2025-12-01 20:58:00+00:00,184.64,184.65,184.64,184.65,315.0,5.0,184.644808
2025-12-01 20:59:00+00:00,184.68,184.68,184.68,184.68,113.0,3.0,184.68
2025-12-02 14:33:00+00:00,185.295,185.295,185.295,185.295,182.0,2.0,185.295
2025-12-02 15:46:00+00:00,185.48,185.48,185.48,185.48,100.0,1.0,185.48
2025-12-02 16:00:00+00:00,185.58,185.58,185.58,185.58,125.0,1.0,185.58
2025-12-02 16:13:00+00:00,185.175,185.19,185.175,185.18,720.0,6.0,185.18625
2025-12-02 17:08:00+00:00,185.0,185.0,185.0,185.0,100.0,1.0,185.0
2025-12-02 17:36:00+00:00,185.35,185.35,185.35,185.35,100.0,1.0,185.35
2025-12-02 17:38:00+00:00,185.41,185.41,185.38,185.38,200.0,2.0,185.395
2025-12-02 17:50:00+00:00,185.35,185.35,185.35,185.35,120.0,1.0,185.35
2025-12-02 17:56:00+00:00,184.96,184.96,184.96,184.96,100.0,1.0,184.96
2025-12-02 18:05:00+00:00,185.0,185.0,185.0,185.0,100.0,1.0,185.0
2025-12-02 19:16:00+00:00,185.29,185.29,185.29,185.29,192.0,2.0,185.29
2025-12-02 19:17:00+00:00,185.24,185.24,185.24,185.24,100.0,1.0,185.24
2025-12-02 19:35:00+00:00,185.275,185.275,185.275,185.275,300.0,1.0,185.275
2025-12-02 19:47:00+00:00,185.21,185.21,185.18,185.2,448.0,4.0,185.198281
2025-12-02 20:01:00+00:00,185.41,185.41,185.41,185.41,100.0,1.0,185.41
2025-12-02 20:02:00+00:00,185.39,185.39,185.39,185.39,100.0,1.0,185.39
2025-12-02 20:14:00+00:00,185.46,185.46,185.46,185.46,400.0,1.0,185.46
2025-12-02 20:43:00+00:00,185.41,185.41,185.4,185.4,345.0,3.0,185.406522
2025-12-02 20:46:00+00:00,185.54,185.54,185.54,185.54,100.0,1.0,185.54
2025-12-02 20:52:00+00:00,185.37,185.37,185.37,185.37,100.0,1.0,185.37
2025-12-02 20:54:00+00:00,185.26,185.26,185.26,185.26,225.0,2.0,185.26
2025-12-02 20:55:00+00:00,185.24,185.24,185.24,185.24,100.0,1.0,185.24
2025-12-03 14:50:00+00:00,185.09,185.09,185.09,185.09,765.0,4.0,185.09
2025-12-03 16:39:00+00:00,185.83,185.83,185.83,185.83,100.0,1.0,185.83
2025-12-03 16:40:00+00:00,185.77,185.77,185.77,185.77,100.0,1.0,185.77
2025-12-03 16:52:00+00:00,185.655,185.655,185.655,185.655,113.0,2.0,185.655
2025-12-03 17:01:00+00:00,185.535,185.535,185.535,185.535,100.0,1.0,185.535
2025-12-03 17:10:00+00:00,185.525,185.525,185.525,185.525,100.0,1.0,185.525
2025-12-03 17:11:00+00:00,185.56,185.56,185.56,185.56,100.0,1.0,185.56
2025-12-03 17:32:00+00:00,185.845,185.845,185.845,185.845,124.0,2.0,185.845
2025-12-03 18:29:00+00:00,185.97,185.97,185.97,185.97,100.0,1.0,185.97
2025-12-03 18:30:00+00:00,185.99,185.99,185.99,185.99,103.0,2.0,185.99
2025-12-03 18:53:00+00:00,186.09,186.09,186.09,186.09,100.0,1.0,186.09
2025-12-03 20:12:00+00:00,186.23,186.23,186.185,186.185,445.0,4.0,186.199663
2025-12-03 20:18:00+00:00,186.17,186.17,186.17,186.17,100.0,1.0,186.17
2025-12-03 20:34:00+00:00,186.13,186.13,186.13,186.13,169.0,3.0,186.13
2025-12-03 20:59:00+00:00,186.04,186.04,186.0,186.0,256.0,3.0,186.018182
2025-12-04 14:42:00+00:00,186.33,186.33,186.33,186.33,100.0,1.0,186.33
2025-12-04 14:51:00+00:00,186.1,186.1,186.1,186.1,318.0,3.0,186.1
2025-12-04 15:35:00+00:00,186.36,186.36,186.36,186.36,200.0,2.0,186.36
2025-12-04 15:39:00+00:00,186.48,186.48,186.48,186.48,400.0,2.0,186.48
2025-12-04 15:40:00+00:00,186.53,186.53,186.53,186.53,510.0,5.0,186.53
2025-12-04 15:46:00+00:00,186.43,186.43,186.43,186.43,107.0,2.0,186.43
2025-12-04 15:52:00+00:00,186.25,186.25,186.23,186.23,233.0,3.0,186.24
2025-12-04 16:03:00+00:00,186.17,186.17,186.17,186.17,196.0,3.0,186.17
2025-12-04 16:04:00+00:00,186.18,186.18,186.18,186.18,700.0,4.0,186.18
2025-12-04 16:14:00+00:00,186.2,186.2,186.2,186.2,500.0,1.0,186.2
2025-12-04 16:28:00+00:00,186.17,186.17,186.16,186.16,250.0,3.0,186.165
2025-12-04 16:44:00+00:00,186.11,186.11,186.11,186.11,210.0,3.0,186.11
2025-12-04 17:02:00+00:00,186.41,186.41,186.41,186.41,100.0,1.0,186.41
2025-12-04 17:54:00+00:00,186.42,186.42,186.42,186.42,104.0,1.0,186.42
2025-12-04 18:17:00+00:00,186.44,186.44,186.44,186.44,237.0,3.0,186.44
2025-12-04 18:22:00+00:00,186.41,186.41,186.41,186.41,365.0,1.0,186.41
2025-12-04 18:44:00+00:00,186.37,186.37,186.37,186.37,100.0,1.0,186.37
2025-12-04 19:00:00+00:00,186.34,186.34,186.34,186.34,100.0,1.0,186.34
2025-12-04 19:29:00+00:00,185.92,185.92,185.92,185.92,150.0,1.0,185.92
2025-12-04 19:41:00+00:00,186.145,186.145,186.145,186.145,200.0,2.0,186.145
2025-12-04 19:44:00+00:00,186.19,186.19,186.19,186.19,100.0,1.0,186.19
2025-12-04 20:34:00+00:00,186.13,186.13,186.13,186.13,100.0,1.0,186.13
2025-12-04 20:46:00+00:00,185.98,185.98,185.98,185.98,396.0,3.0,185.98
2025-12-04 20:55:00+00:00,186.26,186.26,186.245,186.245,300.0,3.0,186.253333
2025-12-04 20:57:00+00:00,186.25,186.25,186.25,186.25,100.0,1.0,186.25
2025-12-05 15:34:00+00:00,187.34,187.34,187.34,187.34,400.0,1.0,187.34
2025-12-05 15:48:00+00:00,187.19,187.19,187.19,187.19,200.0,2.0,187.19
2025-12-05 16:31:00+00:00,186.52,186.52,186.445,186.46,325.0,3.0,186.473846
2025-12-05 16:36:00+00:00,186.54,186.54,186.54,186.54,100.0,1.0,186.54
2025-12-05 17:35:00+00:00,186.4,186.4,186.4,186.4,100.0,1.0,186.4
2025-12-05 17:36:00+00:00,186.37,186.37,186.37,186.37,100.0,1.0,186.37
2025-12-05 17:47:00+00:00,186.56,186.56,186.56,186.56,100.0,1.0,186.56
2025-12-05 18:12:00+00:00,186.85,186.85,186.85,186.85,109.0,2.0,186.85
2025-12-05 18:15:00+00:00,186.78,186.78,186.78,186.78,418.0,2.0,186.78
2025-12-05 18:20:00+00:00,186.63,186.63,186.63,186.63,100.0,1.0,186.63
2025-12-05 19:18:00+00:00,186.67,186.67,186.67,186.67,100.0,1.0,186.67
2025-12-05 19:20:00+00:00,186.68,186.68,186.68,186.68,100.0,1.0,186.68
2025-12-05 19:32:00+00:00,186.55,186.57,186.55,186.57,1100.0,2.0,186.551818
2025-12-05 19:42:00+00:00,186.64,186.64,186.64,186.64,433.0,2.0,186.64
2025-12-05 19:51:00+00:00,186.64,186.64,186.64,186.64,100.0,1.0,186.64
2025-12-05 20:11:00+00:00,186.63,186.63,186.63,186.63,124.0,1.0,186.63
2025-12-05 20:14:00+00:00,186.66,186.66,186.66,186.66,416.0,4.0,186.66
2025-12-05 20:28:00+00:00,186.64,186.64,186.64,186.64,100.0,1.0,186.64
2025-12-05 20:31:00+00:00,186.585,186.585,186.585,186.585,200.0,1.0,186.585
2025-12-05 20:39:00+00:00,186.63,186.63,186.625,186.625,200.0,2.0,186.6275
2025-12-05 20:40:00+00:00,186.59,186.59,186.59,186.59,100.0,1.0,186.59
2025-12-05 20:42:00+00:00,186.59,186.59,186.59,186.59,100.0,1.0,186.59
2025-12-05 20:45:00+00:00,186.62,186.62,186.62,186.62,100.0,1.0,186.62
2025-12-05 20:46:00+00:00,186.55,186.55,186.55,186.55,100.0,1.0,186.55
2025-12-05 20:51:00+00:00,186.38,186.38,186.38,186.38,100.0,1.0,186.38
2025-12-05 20:54:00+00:00,186.525,186.525,186.525,186.525,100.0,1.0,186.525
2025-12-05 20:56:00+00:00,186.485,186.485,186.475,186.475,200.0,2.0,186.48
2025-12-05 20:57:00+00:00,186.475,186.475,186.475,186.475,100.0,1.0,186.475
